/*
Navicat MySQL Data Transfer

Source Server         : localhost
Source Server Version : 80017
Source Host           : localhost:3306
Source Database       : clouddo

Target Server Type    : MYSQL
Target Server Version : 80017
File Encoding         : 65001

Date: 2019-09-04 18:24:20
*/

SET FOREIGN_KEY_CHECKS=0;

-- ----------------------------
-- Table structure for act_evt_log
-- ----------------------------
DROP TABLE IF EXISTS `act_evt_log`;
CREATE TABLE `act_evt_log` (
  `LOG_NR_` bigint(20) NOT NULL AUTO_INCREMENT,
  `TYPE_` varchar(64) COLLATE utf8_bin DEFAULT NULL,
  `PROC_DEF_ID_` varchar(64) COLLATE utf8_bin DEFAULT NULL,
  `PROC_INST_ID_` varchar(64) COLLATE utf8_bin DEFAULT NULL,
  `EXECUTION_ID_` varchar(64) COLLATE utf8_bin DEFAULT NULL,
  `TASK_ID_` varchar(64) COLLATE utf8_bin DEFAULT NULL,
  `TIME_STAMP_` timestamp(3) NOT NULL,
  `USER_ID_` varchar(255) COLLATE utf8_bin DEFAULT NULL,
  `DATA_` longblob,
  `LOCK_OWNER_` varchar(255) COLLATE utf8_bin DEFAULT NULL,
  `LOCK_TIME_` timestamp(3) NULL DEFAULT NULL,
  `IS_PROCESSED_` tinyint(4) DEFAULT '0',
  PRIMARY KEY (`LOG_NR_`)
) ENGINE=InnoDB DEFAULT CHARSET=utf8 COLLATE=utf8_bin;

-- ----------------------------
-- Records of act_evt_log
-- ----------------------------

-- ----------------------------
-- Table structure for act_ge_bytearray
-- ----------------------------
DROP TABLE IF EXISTS `act_ge_bytearray`;
CREATE TABLE `act_ge_bytearray` (
  `ID_` varchar(64) COLLATE utf8_bin NOT NULL,
  `REV_` int(11) DEFAULT NULL,
  `NAME_` varchar(255) COLLATE utf8_bin DEFAULT NULL,
  `DEPLOYMENT_ID_` varchar(64) COLLATE utf8_bin DEFAULT NULL,
  `BYTES_` longblob,
  `GENERATED_` tinyint(4) DEFAULT NULL,
  PRIMARY KEY (`ID_`),
  KEY `ACT_FK_BYTEARR_DEPL` (`DEPLOYMENT_ID_`),
  CONSTRAINT `ACT_FK_BYTEARR_DEPL` FOREIGN KEY (`DEPLOYMENT_ID_`) REFERENCES `act_re_deployment` (`ID_`)
) ENGINE=InnoDB DEFAULT CHARSET=utf8 COLLATE=utf8_bin;

-- ----------------------------
-- Records of act_ge_bytearray
-- ----------------------------
INSERT INTO `act_ge_bytearray` VALUES ('280002', '1', 'process021.bpmn', '280001', 0x3C3F786D6C2076657273696F6E3D22312E302220656E636F64696E673D225554462D38223F3E0A3C646566696E6974696F6E7320786D6C6E733D22687474703A2F2F7777772E6F6D672E6F72672F737065632F42504D4E2F32303130303532342F4D4F44454C2220786D6C6E733A7873693D22687474703A2F2F7777772E77332E6F72672F323030312F584D4C536368656D612D696E7374616E63652220786D6C6E733A7873643D22687474703A2F2F7777772E77332E6F72672F323030312F584D4C536368656D612220786D6C6E733A61637469766974693D22687474703A2F2F61637469766974692E6F72672F62706D6E2220786D6C6E733A62706D6E64693D22687474703A2F2F7777772E6F6D672E6F72672F737065632F42504D4E2F32303130303532342F44492220786D6C6E733A6F6D6764633D22687474703A2F2F7777772E6F6D672E6F72672F737065632F44442F32303130303532342F44432220786D6C6E733A6F6D6764693D22687474703A2F2F7777772E6F6D672E6F72672F737065632F44442F32303130303532342F44492220747970654C616E67756167653D22687474703A2F2F7777772E77332E6F72672F323030312F584D4C536368656D61222065787072657373696F6E4C616E67756167653D22687474703A2F2F7777772E77332E6F72672F313939392F585061746822207461726765744E616D6573706163653D22687474703A2F2F7777772E61637469766974692E6F72672F74657374223E0A20203C70726F636573732069643D2270726F6365737330323122206E616D653D22E6B58BE8AF953032312220697345786563757461626C653D2274727565223E0A202020203C73746172744576656E742069643D2273746172744576656E74223E3C2F73746172744576656E743E0A202020203C757365725461736B2069643D227461736B3122206E616D653D22E59198E5B7A5E794B3E8AFB7222061637469766974693A63616E64696461746547726F7570733D2263616E64696461746547726F757031223E3C2F757365725461736B3E0A202020203C757365725461736B2069643D227461736B3222206E616D653D22E7BB8FE79086E5AEA1E689B9222061637469766974693A63616E64696461746547726F7570733D2263616E64696461746547726F757032223E3C2F757365725461736B3E0A202020203C757365725461736B2069643D227461736B3322206E616D653D22E680BBE7BB8FE79086E5AEA1E689B9222061637469766974693A63616E64696461746547726F7570733D2263616E64696461746547726F757033223E3C2F757365725461736B3E0A202020203C6578636C7573697665476174657761792069643D226372656174654578636C75736976654761746577617931223E3C2F6578636C7573697665476174657761793E0A202020203C757365725461736B2069643D227461736B3422206E616D653D22E4BFAEE694B9E794B3E8AFB7222061637469766974693A63616E64696461746547726F7570733D2263616E64696461746547726F757034223E3C2F757365725461736B3E0A202020203C656E644576656E742069643D22656E644576656E74223E3C2F656E644576656E743E0A202020203C73657175656E6365466C6F772069643D2273657175656E6365466C6F772D61343531663535302D646339342D346463662D383132392D3861363137336264323730392220736F757263655265663D2273746172744576656E7422207461726765745265663D227461736B31223E3C2F73657175656E6365466C6F773E0A202020203C73657175656E6365466C6F772069643D2273657175656E6365466C6F772D64613031393330662D626233302D343636622D383839302D6339316263616130333137652220736F757263655265663D227461736B3122207461726765745265663D227461736B32223E3C2F73657175656E6365466C6F773E0A202020203C73657175656E6365466C6F772069643D2273657175656E6365466C6F772D61323563633164382D613535662D346163632D623533332D6533343262623831323330642220736F757263655265663D227461736B3222207461726765745265663D227461736B33223E3C2F73657175656E6365466C6F773E0A202020203C73657175656E6365466C6F772069643D2273657175656E6365466C6F772D36373534353438312D623561632D346433652D393135392D3037366335323633336532392220736F757263655265663D227461736B3322207461726765745265663D226372656174654578636C75736976654761746577617931223E3C2F73657175656E6365466C6F773E0A202020203C73657175656E6365466C6F772069643D2273657175656E6365466C6F772D31333562383562302D356461352D346537652D383132392D33363037313536333762303022206E616D653D22E4B88DE9809AE8BF872220736F757263655265663D226372656174654578636C7573697665476174657761793122207461726765745265663D227461736B34223E0A2020202020203C636F6E646974696F6E45787072657373696F6E207873693A747970653D2274466F726D616C45787072657373696F6E223E3C215B43444154415B247B706173733D3D2732277D5D5D3E3C2F636F6E646974696F6E45787072657373696F6E3E0A202020203C2F73657175656E6365466C6F773E0A202020203C73657175656E6365466C6F772069643D2273657175656E6365466C6F772D66316164613330322D326263342D343431372D383565662D39343733373339356437343122206E616D653D22E9809AE8BF872220736F757263655265663D226372656174654578636C7573697665476174657761793122207461726765745265663D22656E644576656E74223E0A2020202020203C636F6E646974696F6E45787072657373696F6E207873693A747970653D2274466F726D616C45787072657373696F6E223E3C215B43444154415B247B706173733D3D2731277D5D5D3E3C2F636F6E646974696F6E45787072657373696F6E3E0A202020203C2F73657175656E6365466C6F773E0A202020203C73657175656E6365466C6F772069643D2273657175656E6365466C6F772D35623662633630642D633761332D346466332D616565612D3130336539613032346235332220736F757263655265663D227461736B3422207461726765745265663D227461736B33223E3C2F73657175656E6365466C6F773E0A20203C2F70726F636573733E0A20203C62706D6E64693A42504D4E4469616772616D2069643D2242504D4E4469616772616D5F70726F63657373303231223E0A202020203C62706D6E64693A42504D4E506C616E652062706D6E456C656D656E743D2270726F63657373303231222069643D2242504D4E506C616E655F70726F63657373303231223E0A2020202020203C62706D6E64693A42504D4E53686170652062706D6E456C656D656E743D226372656174654578636C75736976654761746577617931222069643D2242504D4E53686170655F6372656174654578636C75736976654761746577617931223E0A20202020202020203C6F6D6764633A426F756E6473206865696768743D2234302E30222077696474683D2234302E302220783D223533302E302220793D2232352E30223E3C2F6F6D6764633A426F756E64733E0A2020202020203C2F62706D6E64693A42504D4E53686170653E0A2020202020203C62706D6E64693A42504D4E53686170652062706D6E456C656D656E743D22656E644576656E74222069643D2242504D4E53686170655F656E644576656E74223E0A20202020202020203C6F6D6764633A426F756E6473206865696768743D2233302E30222077696474683D2233302E302220783D223635352E302220793D22302E30223E3C2F6F6D6764633A426F756E64733E0A2020202020203C2F62706D6E64693A42504D4E53686170653E0A2020202020203C62706D6E64693A42504D4E53686170652062706D6E456C656D656E743D2273746172744576656E74222069643D2242504D4E53686170655F73746172744576656E74223E0A20202020202020203C6F6D6764633A426F756E6473206865696768743D2233302E30222077696474683D2233302E302220783D22302E302220793D2238302E30223E3C2F6F6D6764633A426F756E64733E0A2020202020203C2F62706D6E64693A42504D4E53686170653E0A2020202020203C62706D6E64693A42504D4E53686170652062706D6E456C656D656E743D227461736B31222069643D2242504D4E53686170655F7461736B31223E0A20202020202020203C6F6D6764633A426F756E6473206865696768743D2236302E30222077696474683D223130302E302220783D2238302E302220793D2236352E30223E3C2F6F6D6764633A426F756E64733E0A2020202020203C2F62706D6E64693A42504D4E53686170653E0A2020202020203C62706D6E64693A42504D4E53686170652062706D6E456C656D656E743D227461736B32222069643D2242504D4E53686170655F7461736B32223E0A20202020202020203C6F6D6764633A426F756E6473206865696768743D2236302E30222077696474683D223130302E302220783D223233302E302220793D2236382E30223E3C2F6F6D6764633A426F756E64733E0A2020202020203C2F62706D6E64693A42504D4E53686170653E0A2020202020203C62706D6E64693A42504D4E53686170652062706D6E456C656D656E743D227461736B33222069643D2242504D4E53686170655F7461736B33223E0A20202020202020203C6F6D6764633A426F756E6473206865696768743D2236302E30222077696474683D223130302E302220783D223338302E302220793D2237312E30223E3C2F6F6D6764633A426F756E64733E0A2020202020203C2F62706D6E64693A42504D4E53686170653E0A2020202020203C62706D6E64693A42504D4E53686170652062706D6E456C656D656E743D227461736B34222069643D2242504D4E53686170655F7461736B34223E0A20202020202020203C6F6D6764633A426F756E6473206865696768743D2236302E30222077696474683D223130302E302220783D223632302E302220793D223133302E30223E3C2F6F6D6764633A426F756E64733E0A2020202020203C2F62706D6E64693A42504D4E53686170653E0A2020202020203C62706D6E64693A42504D4E456467652062706D6E456C656D656E743D2273657175656E6365466C6F772D61323563633164382D613535662D346163632D623533332D653334326262383132333064222069643D2242504D4E456467655F73657175656E6365466C6F772D61323563633164382D613535662D346163632D623533332D653334326262383132333064223E0A20202020202020203C6F6D6764693A776179706F696E7420783D223333302E302220793D2239382E30223E3C2F6F6D6764693A776179706F696E743E0A20202020202020203C6F6D6764693A776179706F696E7420783D223334322E302220793D2239382E30223E3C2F6F6D6764693A776179706F696E743E0A20202020202020203C6F6D6764693A776179706F696E7420783D223334322E302220793D223130312E30223E3C2F6F6D6764693A776179706F696E743E0A20202020202020203C6F6D6764693A776179706F696E7420783D223338302E302220793D223130312E30223E3C2F6F6D6764693A776179706F696E743E0A2020202020203C2F62706D6E64693A42504D4E456467653E0A2020202020203C62706D6E64693A42504D4E456467652062706D6E456C656D656E743D2273657175656E6365466C6F772D35623662633630642D633761332D346466332D616565612D313033653961303234623533222069643D2242504D4E456467655F73657175656E6365466C6F772D35623662633630642D633761332D346466332D616565612D313033653961303234623533223E0A20202020202020203C6F6D6764693A776179706F696E7420783D223632302E302220793D223137322E35223E3C2F6F6D6764693A776179706F696E743E0A20202020202020203C6F6D6764693A776179706F696E7420783D223630382E302220793D223137322E35223E3C2F6F6D6764693A776179706F696E743E0A20202020202020203C6F6D6764693A776179706F696E7420783D223630382E302220793D223130312E30223E3C2F6F6D6764693A776179706F696E743E0A20202020202020203C6F6D6764693A776179706F696E7420783D223338302E302220793D223130312E30223E3C2F6F6D6764693A776179706F696E743E0A2020202020203C2F62706D6E64693A42504D4E456467653E0A2020202020203C62706D6E64693A42504D4E456467652062706D6E456C656D656E743D2273657175656E6365466C6F772D36373534353438312D623561632D346433652D393135392D303736633532363333653239222069643D2242504D4E456467655F73657175656E6365466C6F772D36373534353438312D623561632D346433652D393135392D303736633532363333653239223E0A20202020202020203C6F6D6764693A776179706F696E7420783D223438302E302220793D2238382E35223E3C2F6F6D6764693A776179706F696E743E0A20202020202020203C6F6D6764693A776179706F696E7420783D223439322E302220793D2238382E35223E3C2F6F6D6764693A776179706F696E743E0A20202020202020203C6F6D6764693A776179706F696E7420783D223439322E302220793D2234352E30223E3C2F6F6D6764693A776179706F696E743E0A20202020202020203C6F6D6764693A776179706F696E7420783D223533302E302220793D2234352E30223E3C2F6F6D6764693A776179706F696E743E0A2020202020203C2F62706D6E64693A42504D4E456467653E0A2020202020203C62706D6E64693A42504D4E456467652062706D6E456C656D656E743D2273657175656E6365466C6F772D61343531663535302D646339342D346463662D383132392D386136313733626432373039222069643D2242504D4E456467655F73657175656E6365466C6F772D61343531663535302D646339342D346463662D383132392D386136313733626432373039223E0A20202020202020203C6F6D6764693A776179706F696E7420783D2233302E302220793D2239352E30223E3C2F6F6D6764693A776179706F696E743E0A20202020202020203C6F6D6764693A776179706F696E7420783D2238302E302220793D2239352E30223E3C2F6F6D6764693A776179706F696E743E0A2020202020203C2F62706D6E64693A42504D4E456467653E0A2020202020203C62706D6E64693A42504D4E456467652062706D6E456C656D656E743D2273657175656E6365466C6F772D31333562383562302D356461352D346537652D383132392D333630373135363337623030222069643D2242504D4E456467655F73657175656E6365466C6F772D31333562383562302D356461352D346537652D383132392D333630373135363337623030223E0A20202020202020203C6F6D6764693A776179706F696E7420783D223537302E302220793D2235322E35223E3C2F6F6D6764693A776179706F696E743E0A20202020202020203C6F6D6764693A776179706F696E7420783D223538322E302220793D2235322E35223E3C2F6F6D6764693A776179706F696E743E0A20202020202020203C6F6D6764693A776179706F696E7420783D223538322E302220793D223136302E30223E3C2F6F6D6764693A776179706F696E743E0A20202020202020203C6F6D6764693A776179706F696E7420783D223632302E302220793D223136302E30223E3C2F6F6D6764693A776179706F696E743E0A2020202020203C2F62706D6E64693A42504D4E456467653E0A2020202020203C62706D6E64693A42504D4E456467652062706D6E456C656D656E743D2273657175656E6365466C6F772D64613031393330662D626233302D343636622D383839302D633931626361613033313765222069643D2242504D4E456467655F73657175656E6365466C6F772D64613031393330662D626233302D343636622D383839302D633931626361613033313765223E0A20202020202020203C6F6D6764693A776179706F696E7420783D223138302E302220793D2239352E30223E3C2F6F6D6764693A776179706F696E743E0A20202020202020203C6F6D6764693A776179706F696E7420783D223139322E302220793D2239352E30223E3C2F6F6D6764693A776179706F696E743E0A20202020202020203C6F6D6764693A776179706F696E7420783D223139322E302220793D2239382E30223E3C2F6F6D6764693A776179706F696E743E0A20202020202020203C6F6D6764693A776179706F696E7420783D223233302E302220793D2239382E30223E3C2F6F6D6764693A776179706F696E743E0A2020202020203C2F62706D6E64693A42504D4E456467653E0A2020202020203C62706D6E64693A42504D4E456467652062706D6E456C656D656E743D2273657175656E6365466C6F772D66316164613330322D326263342D343431372D383565662D393437333733393564373431222069643D2242504D4E456467655F73657175656E6365466C6F772D66316164613330322D326263342D343431372D383565662D393437333733393564373431223E0A20202020202020203C6F6D6764693A776179706F696E7420783D223537302E302220793D2233372E35223E3C2F6F6D6764693A776179706F696E743E0A20202020202020203C6F6D6764693A776179706F696E7420783D223538322E302220793D2233372E35223E3C2F6F6D6764693A776179706F696E743E0A20202020202020203C6F6D6764693A776179706F696E7420783D223538322E302220793D2231352E303030303030303030303030303032223E3C2F6F6D6764693A776179706F696E743E0A20202020202020203C6F6D6764693A776179706F696E7420783D223635352E302220793D2231352E303030303030303030303030303032223E3C2F6F6D6764693A776179706F696E743E0A2020202020203C2F62706D6E64693A42504D4E456467653E0A202020203C2F62706D6E64693A42504D4E506C616E653E0A20203C2F62706D6E64693A42504D4E4469616772616D3E0A3C2F646566696E6974696F6E733E, '0');
INSERT INTO `act_ge_bytearray` VALUES ('280003', '1', 'process021.process021.png', '280001', 0x89504E470D0A1A0A0000000D49484452000002DA000000C80806000000D66F468A000014A84944415478DAEDDDFD6F55759EC0F166B31A42CCC64C26991FFD61FF86F96D93ED667F592721312ABDDE16B0E1C1364451E268CC880EA0117C5A373B661BA21917B359B293E8EA3483655A90A522260E8A0C643290410DE5A9845503B4943E9C3DDFEEBDE4727B6F7B9F7BEFE9EB957C53EC6D016FBF70DE9C7EEE396D6D00005003DDDDDD77A752A9DF747676DE7CE8A187A25257FC3963F1DBFF4CA7D33FF12C0200408E3894B7C46BB29CC02EB0A6E2D87EC2B30900C09217CE62C7817C3A0EE4DBA2397E7FF4E69B6F46870F1F8ECE9D3B175DBF7E3D0AC6C7C7A3D1D1D1E8D8B163515F5F5FB476EDDA4267B8CF849FD7B30B00C092D4DEDEBE2C0EEC1F7223B9B7B7371A1818886EDEBC1995626A6A2A1A1C1C9CFDBCBCE03E6B9404008025279C71CE8FECDDBB77DF3A735DAE70A67BCF9E3D73623BC4BC671B008025238C8BE446717F7F7F540BE1EC765757D76D63249E6D0000964A646FC99DC9AE5564E7C6766EC47B81240000899779F1E364EEB8483DE48D914C99D7060020D1C275B2735FF858E94C762933DB792F90ECF7EC03009058B937A3095717A9A7BC1192492F8C0400A0E5C4217B259D4E6F9CEF63BABABA52B9D7C92EF5127E950A97FEDBB06143EE0B23D7FB4A0100D06AA19D0DDA2BC582367EEC60F6E3C2CD681A61D7AE5DB967B5877DA5000068D5D0CEAECBF967B8E3F77D9B7DFCB3CF3E6B4868873B48E65E57DB570A0080560FED5B67B8B3C11DFF783CFBFE0B172E3424B4C3EDDA737E2F13BE5200002425B46F9DE1CEFDEF7A5D6DA4D0D547727F5D5F29008064C6A695598D24B401001210DAFE9131675D4BA552DBC2A5F59CD106004068571FDAB7023BE763CC68030020B42B0CEDABE9747A47A19BC3B8EA08000042BBFCFFF73967B00B7C8CEB68030020B46BCD9D21010010DA75924EA76F66C3776060A0AEA13D3838987B367B72BEB3ED000008ED96964AA57E938DDFDEDEDEBA5D7D245C6DA4A7A72737B4FB3DFB0000423BB1BABBBBEF0E6797B301BC7BF7EEBA84F69E3D7B72237B2A9D4EFFC4B30F0050B97B84764BFC83644BEEA500F7EEDD5BD3C83E70E0C06D971A8C23FB09CF3A0040E5B6C42BCABC15DACD1FDBA7EB11DB21B2D7AC5993FB02C8339E6D0080CA3D1DAF99787D9179BB4D6837B7CC08C90FB9B11DC648C26C75A533D979E322B3D7CD0EBF8E671B00A0BAC8CEC67538A33DBD18B12DB4CB93B92DFB6DB11D5E2019AE46122ECD57EA25FCC259ECBC173ECE46B6B96C0080DA45F642EF17DA4D267366FB74FE2DDCC375B6FBFAFAA2CF3FFF7CF676EDD9AB938433D7E1B6EAC78F1F9FBD194D08F3FCCF0DE322CE640300546ECB02319D7DBC6133DB42BBAAE76E4BEED5482A5C535EF80800509BC85E28A21B7A665B6857279C850ED7D9CEBDA94D892B047ABF51110080EA3CDD56DE99EA723F5E683781F8B95C1DAF8361D63A5EE379613D9179FF91705B75777C0400A85D646FABF0F3EA1ADB421B0080A514D9B5FA7CA10D0040E22CF4C2C746FF3C421B0080C44476ADC63EEA76665B680300D02AF267ABFF2A5E6F65DE9623FFF3EA32B32DB4010068A5C8DE9613CB7F8E5794795B6A6C17FBBCAA637BC58A153FEEE8E8783A0EEC4FD2E9F4EC1D0E57AE5C79972F1D0000AD12D9C15B99588ECA88EDDCC8CEAE5D398F9735B35D20AC6732B7101F8ED7CFE3C8FE912F1D0000CDAA58FC168AE6F962BBD48F2F3AB32DAC0100682A71845E89C374631591BDA5CA782E37CA67637BF9F2E52F096B00009A39B4B377F0BB12EEDC57E2A7953A33BD5044971BD9B3EEBCF3CE2DF7DF7F7F74DF7DF7DD10D60000347B6867D7E505CE70977BC9BD6231FDD7954476D6B265CBB6B7D5F9A636000050CBD0BE7586BB4070577A5DEB42B13D516964D7E0F70300008B16DAB7CE7067464AAABD5363A1D8AE26B2F3637B8BAF260000D5846FC3579887CE04F11755FEEF857191FC33D91399F757E38BCCCF758F1D040040D1D06E92B0BF964AA5B6B5B7B72FCB7C68B5B75777461B0080251DDAF9815D286ACD68030020B44B0CEDABE9747A4791C02E14B7A59E4176D5110000966468CF77067BA1D85E2872EB721DEDE5CB97AF7FE08107C2ECF864FCFBFF4B4747C787F13F129E8CFF3FFED60E0200A02942BB0A0B5D85A4AE7786BCE38E3B5E8F9FABCE38B07F1D07F6B1F8C7DF67EE0E3915FFF7C5F8EDA1F8ED2BF1E37FDF56F9FC370000427B51143BB35D6E3C97FAF1D95F6F47B19F27847508EC4C6887E09ECA04F8F721C843988740BFF7DE7BFFC66E030010DACD2C9CD99ECE8BEDB7DACA9FBD2E14DBBBF27E9D8A66B2C34849182D09232661D4245EE3E1792E735C060000A1BD28B19DFB02C9DC682EE76A22C53EAFE697F06BD1E7190080251880F96324219277B5953F1F9DFF79D55EBF5B680300D0F20158EBEB5A171A4BF13C0300B02403B056B15DD79BD1086D0000A1DD8AAA1DF7A8CBB888D0060010DA4950E955426AFEC247A10D0040D202B0DCF18FBA8E8B086D0000A19D24A5C6F3EAB6F96F46E37906004000E65968E63A7B75911D9E6700000460798A9DD96ED8B888D0060010DA49951FD58B12D9421B0040682739B6BF58ACC816DAD064A2285A76E6CC99B3478E1C89F6EFDF1F0D0E0E5A0D5E434343D1A1438766E2D567470242BBA58599ECA8ADCE97F0F33C438B08913D3C3C1C8D8E8E46131313D622ADCB972F47070F1E9C89A3FB35BB1210DA2DED1ECF33302B9CC916D9CD13DB83838313762520B4F13C430284711191DB3C2B8C9224615F194932920402D0F30C4B5E38200B5CA15D6B46928C248100F43C83D02E31B4AF7D7F213AF3F93BD1C9A1EDB32BFC38BC4FCC08ED428C2419490201E87906A15D42685FFDEE5C7462DF73D157BF7BEAB615DE171E1333423B9F9124FBAA1E8C24B5F648920014DA20B40BACB3277F3B27B2B36BE464BF901144157FA7C4B2AFCA6124A9B5479204A0D006A15D60FDE9E3978B867678CC814710551ADA4692ECAB7218496AED91240128B4416817582706B7160DEDF098838E20AA645F1949B2AFCA6524A9B5F7950014DA20B485B6206AD0BE3292645FD5EB3B2596D016DA40CB1CB8C2B7F48B055178CC01471055B2AF8C24D957F50A6D2349425B68032D73E03A7DF8CDA241141E73C01144BE53625F35CBBE329224B485B6E7195AEAC075E5DCF1E8C4EF7F39F7C015BF2F3CE680238884B67DD52CFBCA4892D016DA9E6768A90357585FFFE1DD3907ADF03E071B4154E9BE3292645FD5635F194912DA42DBF34C83455174F7F1E3C7FFE3DD77DFFD7EE7CE9D339B366D8ABABBBBA3B01957AD5A156DDCB8317AF6D967275F7EF9E533AFBCF2CA3F09EDBC75E34674FAD3BEB96323F1FBC2630E3882A8927D6524C9BEF29D12A18DD0A6C503FBBDF7DEFBCB0B2FBC103DF1C413D1AE5DBBA2CF3EFB2C3A77EE5C343E3E1E05E16DB82EEBD1A347A3DDBB77478F3FFE78B479F3E6C9471E79E4DF85F6FFCF3B9E3AFCABA207AEF098B947415449101949B2AF84B6D04668D3A2E2A07EE7C5175F8C9E7AEAA9D9889E9A9A8A4A75ECD8B1E899679E897A7A7A261E7CF0C17F5C92A17DE34674E1F481E88F03BF287AD0CAAEF031E1639DDD1644657DA7C448927D55877D652449680B6DCF33F53D8BBDECC30F3FFCAEB7B737EAEFEF2F2BB0F30D0C0C44EBD6AD8B927C76BBD0816BA1B3D8CE6E0BA29A84B69124FBAA0EFBCA4892D016DA9E67EA18D91F7FFCF1B5C71E7B2C3A75EA54540BDF7CF34D14A27DFDFAF5FFB55442BB94B3D8F39DDD760012444692ECABC50A6D2349425B687B9EA99370263B447698B9AEA5F0F36DD8B061A6B3B3B36F298476A5919D5D0E4082C848927DB568DF29319224B485B6E799DA0B33D9E1CC73ADCE64173AB3BD7AF5EA10DB3F4B7A685B82A81EFBCA48927DD590BFAF8C24096DA1ED79A6B6C2D545B66FDF3E3B935D4F7BF7EE9DE9EAEABA2AB42D4154FEBE3292645FD5FBEF2B2349421BCF3375F0FEFBEF7F1DAE2E72F3E6CDA8DE366EDC389DA41112A12D881AB5AF8C24D95775FBFBCA485253EEAB152B56FCB8A3A3E3E938FC3E49A7D33F84005CB972E55DAA4568D36267B3C375B2C325FC1AE1ABAFBE8A9274565B680B22FBCABE6AE57D6524A979F65581B09E8957783B1CAF9FC791FD23D522B46931E18E8FE10590D55CC6AF5C6BD7AE9D8EFF12F9BB26FF837625FE3D6E14448248685B46928C24D5637DF4D14791B016DA245CB8ADFADB6FBF1D35D21B6FBC31166FE4FE66FF8396595752A9D47A41248884B67D95C47D65246971D6F5EBD7A3871F7E3812D6429B84DBB973E74CB8AD7A237DFAE9A793F146BED822A19D5D970B9DE11644824868DB57F69555C9DAB76F9FA013DA24DDA64D9BA20B172E3434B42F5EBC381D6FE4A9160BED5B67B87383DB814B1095B9AF8C24D95742DB4AD4BE12DA308FEEEEEE687C7CBCA1A11D7EBD66DFC8F384F6AD33DC61A4C481CB81ABC27D6524C9BE12DAF695A013DA2C850DB5184A08D996580E5CCDB52AF91A2EF23FE08C240922A16D5F21B449AAF0628C469FD11E1B1B9B6EE133DAD752A9D4B6F6F6F6650E5C6E0051C37D6524491055B3AF8C2425705FC55FD7D5F13AAF5484362DECD1471F6DF88CF6F9F3E7275A7046FBB6C06ED60357FC5B2AB81AF5B8D0AE38B48D2409ED5AEC2B234909D85799C0BEB818DF7543685363CF3DF7DCCD465F7564DFBE7DA32D74D591ABE9747A477E60377368CFF7BE7A3FDE8AA16D24C932926435C3DF57F9812DB4853609F0EAABAFFEB9D1D7D1DEBA75EB680B5C47BBE0196CA19DACD06E82EF941849329254CF7D6524A905F655F82E44181169867FB421B4A9B1E79F7FFE1FC2F84823EF0CD9D9D979B3D9EF0C592AA12DB4AB0C2223494692EA19DA46929A78EDD9B3272A74065B680B6D1266F3E6CD378F1E3DDAA8B191AFC39DB092F2DC096DA15D6110194932926424C94892B5C497025D22D6AD5BF7CF4F3EF96423CE6ACF7476768EC5AB4F680BA2251ADA4692EC2B2349D66DFBAAA3A3E3E9F08F6F31B6B4CE68FBDA2E313D3D3DE3FDFDFD75ADEC300F1ECE662F1419425B10B9DEB17D655F5515DA4D3992D4B6C823486D4D36A254E0C5905BC23152680B6D1228CC4CAF5DBB363A75EA545D22FBF8F1E317E25F63BAB3B3F367497ADECCD2B60922A12DB49B27B49B7A2469B1F751B3EDB362FB2A7386FB07A12DB4499855AB56FD5B4F4F4F343A3A5AD3C83E7BF6EC0FF15FFE93491A1969D620F2AD58A12DB48D2435EBBE12DA65DFB0269CE1BEAA4E8436C98AED5F6FD8B061A65667B63367B227E383C040129F2FA12DB485B6D0B6AF84B65BB00B6DA14DC9E228FED738B8673EF8E083992A5E2039F3FAEBAF9F0EE322F1667A3BA9CF95D016DA4B25B4DB8C24D95742DBBE12DA429BDA0833DB9D9D9DFFDBDBDB3BFDE5975F9655D8F15F1EDFC6A17E2DCC98256D265B680B6DFBCABEB2AF84B67D25B48536B53ABBFD5A08EEEEEEEEE99D3B77DEF8E4934FA6464646A6C6C7C767A37A6C6C6CFAFCF9F31343434397B66EDD7A39FED8C9CC8B38DE4ED2D545049120B2AFEC2BFB4A68DB57425B6853175D5D5D3F4DA7D3FF1D6F8CB3F19ACCBBFCD054E6EE56FD49B9E3A3201244F695655FB9BC9F7D25B4853608224B1059F6957D655F21B441685B0E5CF6957D655F59425B687BB6C181CB81CBBEB2AFEC2BCBBE12DA421B1CB81CB80491655FD957F615421B84B6E5C0655FD957F6957D85D0061CB81CB8EC2BFBCABEB2EC2BA12DB4C181CB81CBBEB2EC2BFBCABE4268830397E5C0655FD957F6957D85D0061CB81CB8EC2BFBCABEB2EC2BA12DB4C181CB81CBBEB2EC2BFBCABE4268830397E5C0655FD957F6957D85D00682FDFBF73B6038700922FBCABEB284B6D016DA506BC3C3C3D3A3A3A30E1A4DB0464646BE8D0F5C1382C81244F6957D85D086043870E0C04B070F1E9CB974E99203C72247F6D0D0D064BC5E13449620B2AFEC2B843624441C77DBE2BF30AF85BF34AD455B134989ECC048922012DAF615421B803A3092642449680B6D843600756024C94892D016DA086D00EAC4489291A45A339224B411DA00401D1849329284D00600EAC0489291245A37B4A3285A76E6CC99B3478E1C89C277A77CC7B1F12BFE331B1D3A7468265E7DFEA400308791242349B4666887C81E1E1E8E7C576A71D7E5CB97A370C2C29F61008084847638932DB29B27B68D7E01002424B4BD98D98B99010084761D7E1D97E714DA0000427B1143FBDAF717A2339FBF139D1CDA3EBBC28FC3FBC4B1D0060010DA1586F6D5EFCE4527F63D177DF5BBA76E5BE17DE131812CB40100847605A17DF6E46FE74476768D9CEC17C8421B0040685712DA7FFAF8E5A2A11D1E13C8421B0040685710DA2706B7160DEDF0984016DA0000425B680B6D0000A1DD1CA11DAE32522CB4C363025968030008ED0A42FBF4E1378B8676784C200B6D0000A15D41685F39773C3AF1FB5FCE1D1B89DF171E13C8421B0040685710DA617DFD8777E78476789F3816DA000042BBD2D0BE71233AFD69DFDCB191F87DE131812CB40100847699A11DEEFC78EAF0AF8ACE6887C7DC1D5268030008ED5243FBC68DE8C2E903D11F077E5134B2B32B7C4CF85867B785360080D09E27B4173A8BEDECB6D0060010DA1584762967B1E73BBB2D9885360080D02E10DA954676760966A10D0020B44BBCBC9F25B4010084B6D016DA0000425B685B421B0040685B421B0060298776FCF64A3A9DDE28B485360080D0AE6D6847997525954AAD17DA421B004068D736B4B3EB72A133DC425B68030008EDEA42FBD619EEDCE016DA421B004068D726B46F9DE10E2325425B680300B47C6837E312DA421B008012837E81B0BF964AA5B6B5B7B72F0B1F27B485360000D585F66D819DD56CA11DFF960AAE463D2EB401002835B4AFA6D3E91DF981DDCCA13DDFFBEAFDB8D0060060A1D02E78065B680B6D0000AA08ED52096DA10D0080D016DA0000086DA12DB4010084B6D016DA0000D42EB4F7EDDBE7F27E421B00804A437BE5CA9577757474DC974EA7FF25FE9843A9546A247E3BB166CD9A686C6CCCCD62843600000B8576A1A0CE5C53FB46F8EFF8B1FF89D71BE1E39AED8CB6D016DA00004D275C33BB58508733DA853EC72DD88536000025C676391F2FB4853600007520B485360000425B68030020B42DA10D0020B42DA10D0080D016DA0000086D4B680300086D4B68030020B48536000042DB12DA000042DB12DA0000086DA10D0080D0B684360080D0B68436000065DABF7FBFC015DA0000D4DAF0F0F0F4E8E8A8C86D82353232F26D1CDA1376250040021C3870E0A583070FCE5CBA7449EC2E72640F0D0D4DC6EB35BB12002021E2B8DB363838782D8C2D588BB62644360000000000000000000000000000000000000000000000000073FC1F7B28F6AFEAA448DB0000000049454E44AE426082, '1');

-- ----------------------------
-- Table structure for act_ge_property
-- ----------------------------
DROP TABLE IF EXISTS `act_ge_property`;
CREATE TABLE `act_ge_property` (
  `NAME_` varchar(64) COLLATE utf8_bin NOT NULL,
  `VALUE_` varchar(300) COLLATE utf8_bin DEFAULT NULL,
  `REV_` int(11) DEFAULT NULL,
  PRIMARY KEY (`NAME_`)
) ENGINE=InnoDB DEFAULT CHARSET=utf8 COLLATE=utf8_bin;

-- ----------------------------
-- Records of act_ge_property
-- ----------------------------
INSERT INTO `act_ge_property` VALUES ('cfg.execution-related-entities-count', 'false', '1');
INSERT INTO `act_ge_property` VALUES ('next.dbid', '302501', '122');
INSERT INTO `act_ge_property` VALUES ('schema.history', 'create(6.0.0.4)', '1');
INSERT INTO `act_ge_property` VALUES ('schema.version', '6.0.0.4', '1');

-- ----------------------------
-- Table structure for act_hi_actinst
-- ----------------------------
DROP TABLE IF EXISTS `act_hi_actinst`;
CREATE TABLE `act_hi_actinst` (
  `ID_` varchar(64) COLLATE utf8_bin NOT NULL,
  `PROC_DEF_ID_` varchar(64) COLLATE utf8_bin NOT NULL,
  `PROC_INST_ID_` varchar(64) COLLATE utf8_bin NOT NULL,
  `EXECUTION_ID_` varchar(64) COLLATE utf8_bin NOT NULL,
  `ACT_ID_` varchar(255) COLLATE utf8_bin NOT NULL,
  `TASK_ID_` varchar(64) COLLATE utf8_bin DEFAULT NULL,
  `CALL_PROC_INST_ID_` varchar(64) COLLATE utf8_bin DEFAULT NULL,
  `ACT_NAME_` varchar(255) COLLATE utf8_bin DEFAULT NULL,
  `ACT_TYPE_` varchar(255) COLLATE utf8_bin NOT NULL,
  `ASSIGNEE_` varchar(255) COLLATE utf8_bin DEFAULT NULL,
  `START_TIME_` datetime(3) NOT NULL,
  `END_TIME_` datetime(3) DEFAULT NULL,
  `DURATION_` bigint(20) DEFAULT NULL,
  `DELETE_REASON_` varchar(4000) COLLATE utf8_bin DEFAULT NULL,
  `TENANT_ID_` varchar(255) COLLATE utf8_bin DEFAULT '',
  PRIMARY KEY (`ID_`),
  KEY `ACT_IDX_HI_ACT_INST_START` (`START_TIME_`),
  KEY `ACT_IDX_HI_ACT_INST_END` (`END_TIME_`),
  KEY `ACT_IDX_HI_ACT_INST_PROCINST` (`PROC_INST_ID_`,`ACT_ID_`),
  KEY `ACT_IDX_HI_ACT_INST_EXEC` (`EXECUTION_ID_`,`ACT_ID_`)
) ENGINE=InnoDB DEFAULT CHARSET=utf8 COLLATE=utf8_bin;

-- ----------------------------
-- Records of act_hi_actinst
-- ----------------------------
INSERT INTO `act_hi_actinst` VALUES ('280007', 'process021:1:280004', '280005', '280006', 'startEvent', null, null, null, 'startEvent', null, '2019-08-23 15:04:36.245', '2019-08-23 15:04:36.252', '7', null, '');
INSERT INTO `act_hi_actinst` VALUES ('280008', 'process021:1:280004', '280005', '280006', 'task1', '280009', null, '员工申请', 'userTask', null, '2019-08-23 15:04:36.259', null, null, null, '');
INSERT INTO `act_hi_actinst` VALUES ('282503', 'process021:1:280004', '282501', '282502', 'startEvent', null, null, null, 'startEvent', null, '2019-08-23 15:06:18.250', '2019-08-23 15:06:18.256', '6', null, '');
INSERT INTO `act_hi_actinst` VALUES ('282504', 'process021:1:280004', '282501', '282502', 'task1', '282505', null, '员工申请', 'userTask', null, '2019-08-23 15:06:18.262', '2019-08-23 15:06:18.819', '557', null, '');
INSERT INTO `act_hi_actinst` VALUES ('282509', 'process021:1:280004', '282501', '282502', 'task2', '282510', null, '经理审批', 'userTask', null, '2019-08-23 15:06:18.820', '2019-08-23 15:06:19.052', '232', null, '');
INSERT INTO `act_hi_actinst` VALUES ('282512', 'process021:1:280004', '282501', '282502', 'task3', '282513', null, '总经理审批', 'userTask', null, '2019-08-23 15:06:19.054', null, null, null, '');
INSERT INTO `act_hi_actinst` VALUES ('285003', 'process021:1:280004', '285001', '285002', 'startEvent', null, null, null, 'startEvent', null, '2019-08-23 15:13:16.046', '2019-08-23 15:13:16.054', '8', null, '');
INSERT INTO `act_hi_actinst` VALUES ('285004', 'process021:1:280004', '285001', '285002', 'task1', '285005', null, '员工申请', 'userTask', null, '2019-08-23 15:13:16.061', '2019-08-23 15:13:16.561', '500', null, '');
INSERT INTO `act_hi_actinst` VALUES ('285009', 'process021:1:280004', '285001', '285002', 'task2', '285010', null, '经理审批', 'userTask', null, '2019-08-23 15:13:16.562', '2019-08-23 15:13:16.831', '269', null, '');
INSERT INTO `act_hi_actinst` VALUES ('285012', 'process021:1:280004', '285001', '285002', 'task3', '285013', null, '总经理审批', 'userTask', null, '2019-08-23 15:13:16.832', null, null, null, '');
INSERT INTO `act_hi_actinst` VALUES ('287503', 'process021:1:280004', '287501', '287502', 'startEvent', null, null, null, 'startEvent', null, '2019-08-23 15:16:27.915', '2019-08-23 15:16:27.922', '7', null, '');
INSERT INTO `act_hi_actinst` VALUES ('287504', 'process021:1:280004', '287501', '287502', 'task1', '287505', null, '员工申请', 'userTask', null, '2019-08-23 15:16:27.930', '2019-08-23 15:16:28.521', '591', null, '');
INSERT INTO `act_hi_actinst` VALUES ('287509', 'process021:1:280004', '287501', '287502', 'task2', '287510', null, '经理审批', 'userTask', null, '2019-08-23 15:16:28.522', '2019-08-23 15:16:28.757', '235', null, '');
INSERT INTO `act_hi_actinst` VALUES ('287512', 'process021:1:280004', '287501', '287502', 'task3', '287513', null, '总经理审批', 'userTask', null, '2019-08-23 15:16:28.758', null, null, null, '');
INSERT INTO `act_hi_actinst` VALUES ('290003', 'process021:1:280004', '290001', '290002', 'startEvent', null, null, null, 'startEvent', null, '2019-08-23 15:18:14.878', '2019-08-23 15:18:14.885', '7', null, '');
INSERT INTO `act_hi_actinst` VALUES ('290004', 'process021:1:280004', '290001', '290002', 'task1', '290005', null, '员工申请', 'userTask', null, '2019-08-23 15:18:14.891', '2019-08-23 15:18:15.377', '486', null, '');
INSERT INTO `act_hi_actinst` VALUES ('290009', 'process021:1:280004', '290001', '290002', 'task2', '290010', null, '经理审批', 'userTask', null, '2019-08-23 15:18:15.379', '2019-08-23 15:18:15.609', '230', null, '');
INSERT INTO `act_hi_actinst` VALUES ('290012', 'process021:1:280004', '290001', '290002', 'task3', '290013', null, '总经理审批', 'userTask', null, '2019-08-23 15:18:15.610', null, null, null, '');
INSERT INTO `act_hi_actinst` VALUES ('292503', 'process021:1:280004', '292501', '292502', 'startEvent', null, null, null, 'startEvent', null, '2019-08-23 15:19:47.974', '2019-08-23 15:19:47.981', '7', null, '');
INSERT INTO `act_hi_actinst` VALUES ('292504', 'process021:1:280004', '292501', '292502', 'task1', '292505', null, '员工申请', 'userTask', null, '2019-08-23 15:19:47.987', '2019-08-23 15:19:48.504', '517', null, '');
INSERT INTO `act_hi_actinst` VALUES ('292509', 'process021:1:280004', '292501', '292502', 'task2', '292510', null, '经理审批', 'userTask', null, '2019-08-23 15:19:48.507', '2019-08-23 15:19:48.772', '265', null, '');
INSERT INTO `act_hi_actinst` VALUES ('292512', 'process021:1:280004', '292501', '292502', 'task3', '292513', null, '总经理审批', 'userTask', null, '2019-08-23 15:19:48.772', '2019-08-23 15:19:49.018', '246', null, '');
INSERT INTO `act_hi_actinst` VALUES ('292516', 'process021:1:280004', '292501', '292502', 'createExclusiveGateway1', null, null, null, 'exclusiveGateway', null, '2019-08-23 15:19:49.019', '2019-08-23 15:19:49.043', '24', null, '');
INSERT INTO `act_hi_actinst` VALUES ('292517', 'process021:1:280004', '292501', '292502', 'task4', '292518', null, '修改申请', 'userTask', null, '2019-08-23 15:19:49.047', null, null, null, '');
INSERT INTO `act_hi_actinst` VALUES ('295003', 'process021:1:280004', '295001', '295002', 'startEvent', null, null, null, 'startEvent', null, '2019-08-23 15:30:52.326', '2019-08-23 15:30:52.334', '8', null, '');
INSERT INTO `act_hi_actinst` VALUES ('295004', 'process021:1:280004', '295001', '295002', 'task1', '295005', null, '员工申请', 'userTask', null, '2019-08-23 15:30:52.340', '2019-08-23 15:30:52.829', '489', null, '');
INSERT INTO `act_hi_actinst` VALUES ('295009', 'process021:1:280004', '295001', '295002', 'task2', '295010', null, '经理审批', 'userTask', null, '2019-08-23 15:30:52.836', '2019-08-23 15:30:53.088', '252', null, '');
INSERT INTO `act_hi_actinst` VALUES ('295012', 'process021:1:280004', '295001', '295002', 'task3', '295013', null, '总经理审批', 'userTask', null, '2019-08-23 15:30:53.089', null, null, null, '');
INSERT INTO `act_hi_actinst` VALUES ('297503', 'process021:1:280004', '297501', '297502', 'startEvent', null, null, null, 'startEvent', null, '2019-08-23 15:31:57.153', '2019-08-23 15:31:57.160', '7', null, '');
INSERT INTO `act_hi_actinst` VALUES ('297504', 'process021:1:280004', '297501', '297502', 'task1', '297505', null, '员工申请', 'userTask', null, '2019-08-23 15:31:57.168', '2019-08-23 15:31:57.625', '457', null, '');
INSERT INTO `act_hi_actinst` VALUES ('297509', 'process021:1:280004', '297501', '297502', 'task2', '297510', null, '经理审批', 'userTask', null, '2019-08-23 15:31:57.626', '2019-08-23 15:31:57.940', '314', null, '');
INSERT INTO `act_hi_actinst` VALUES ('297512', 'process021:1:280004', '297501', '297502', 'task3', '297513', null, '总经理审批', 'userTask', null, '2019-08-23 15:31:57.940', null, null, null, '');
INSERT INTO `act_hi_actinst` VALUES ('300003', 'process021:1:280004', '300001', '300002', 'startEvent', null, null, null, 'startEvent', null, '2019-08-23 15:39:22.670', '2019-08-23 15:39:22.677', '7', null, '');
INSERT INTO `act_hi_actinst` VALUES ('300004', 'process021:1:280004', '300001', '300002', 'task1', '300005', null, '员工申请', 'userTask', null, '2019-08-23 15:39:22.683', '2019-08-23 15:39:23.193', '510', null, '');
INSERT INTO `act_hi_actinst` VALUES ('300009', 'process021:1:280004', '300001', '300002', 'task2', '300010', null, '经理审批', 'userTask', null, '2019-08-23 15:39:23.195', '2019-08-23 15:39:23.451', '256', null, '');
INSERT INTO `act_hi_actinst` VALUES ('300012', 'process021:1:280004', '300001', '300002', 'task3', '300013', null, '总经理审批', 'userTask', null, '2019-08-23 15:39:23.452', null, null, null, '');

-- ----------------------------
-- Table structure for act_hi_attachment
-- ----------------------------
DROP TABLE IF EXISTS `act_hi_attachment`;
CREATE TABLE `act_hi_attachment` (
  `ID_` varchar(64) COLLATE utf8_bin NOT NULL,
  `REV_` int(11) DEFAULT NULL,
  `USER_ID_` varchar(255) COLLATE utf8_bin DEFAULT NULL,
  `NAME_` varchar(255) COLLATE utf8_bin DEFAULT NULL,
  `DESCRIPTION_` varchar(4000) COLLATE utf8_bin DEFAULT NULL,
  `TYPE_` varchar(255) COLLATE utf8_bin DEFAULT NULL,
  `TASK_ID_` varchar(64) COLLATE utf8_bin DEFAULT NULL,
  `PROC_INST_ID_` varchar(64) COLLATE utf8_bin DEFAULT NULL,
  `URL_` varchar(4000) COLLATE utf8_bin DEFAULT NULL,
  `CONTENT_ID_` varchar(64) COLLATE utf8_bin DEFAULT NULL,
  `TIME_` datetime(3) DEFAULT NULL,
  PRIMARY KEY (`ID_`)
) ENGINE=InnoDB DEFAULT CHARSET=utf8 COLLATE=utf8_bin;

-- ----------------------------
-- Records of act_hi_attachment
-- ----------------------------

-- ----------------------------
-- Table structure for act_hi_comment
-- ----------------------------
DROP TABLE IF EXISTS `act_hi_comment`;
CREATE TABLE `act_hi_comment` (
  `ID_` varchar(64) COLLATE utf8_bin NOT NULL,
  `TYPE_` varchar(255) COLLATE utf8_bin DEFAULT NULL,
  `TIME_` datetime(3) NOT NULL,
  `USER_ID_` varchar(255) COLLATE utf8_bin DEFAULT NULL,
  `TASK_ID_` varchar(64) COLLATE utf8_bin DEFAULT NULL,
  `PROC_INST_ID_` varchar(64) COLLATE utf8_bin DEFAULT NULL,
  `ACTION_` varchar(255) COLLATE utf8_bin DEFAULT NULL,
  `MESSAGE_` varchar(4000) COLLATE utf8_bin DEFAULT NULL,
  `FULL_MSG_` longblob,
  PRIMARY KEY (`ID_`)
) ENGINE=InnoDB DEFAULT CHARSET=utf8 COLLATE=utf8_bin;

-- ----------------------------
-- Records of act_hi_comment
-- ----------------------------

-- ----------------------------
-- Table structure for act_hi_detail
-- ----------------------------
DROP TABLE IF EXISTS `act_hi_detail`;
CREATE TABLE `act_hi_detail` (
  `ID_` varchar(64) COLLATE utf8_bin NOT NULL,
  `TYPE_` varchar(255) COLLATE utf8_bin NOT NULL,
  `PROC_INST_ID_` varchar(64) COLLATE utf8_bin DEFAULT NULL,
  `EXECUTION_ID_` varchar(64) COLLATE utf8_bin DEFAULT NULL,
  `TASK_ID_` varchar(64) COLLATE utf8_bin DEFAULT NULL,
  `ACT_INST_ID_` varchar(64) COLLATE utf8_bin DEFAULT NULL,
  `NAME_` varchar(255) COLLATE utf8_bin NOT NULL,
  `VAR_TYPE_` varchar(255) COLLATE utf8_bin DEFAULT NULL,
  `REV_` int(11) DEFAULT NULL,
  `TIME_` datetime(3) NOT NULL,
  `BYTEARRAY_ID_` varchar(64) COLLATE utf8_bin DEFAULT NULL,
  `DOUBLE_` double DEFAULT NULL,
  `LONG_` bigint(20) DEFAULT NULL,
  `TEXT_` varchar(4000) COLLATE utf8_bin DEFAULT NULL,
  `TEXT2_` varchar(4000) COLLATE utf8_bin DEFAULT NULL,
  PRIMARY KEY (`ID_`),
  KEY `ACT_IDX_HI_DETAIL_PROC_INST` (`PROC_INST_ID_`),
  KEY `ACT_IDX_HI_DETAIL_ACT_INST` (`ACT_INST_ID_`),
  KEY `ACT_IDX_HI_DETAIL_TIME` (`TIME_`),
  KEY `ACT_IDX_HI_DETAIL_NAME` (`NAME_`),
  KEY `ACT_IDX_HI_DETAIL_TASK_ID` (`TASK_ID_`)
) ENGINE=InnoDB DEFAULT CHARSET=utf8 COLLATE=utf8_bin;

-- ----------------------------
-- Records of act_hi_detail
-- ----------------------------

-- ----------------------------
-- Table structure for act_hi_identitylink
-- ----------------------------
DROP TABLE IF EXISTS `act_hi_identitylink`;
CREATE TABLE `act_hi_identitylink` (
  `ID_` varchar(64) COLLATE utf8_bin NOT NULL,
  `GROUP_ID_` varchar(255) COLLATE utf8_bin DEFAULT NULL,
  `TYPE_` varchar(255) COLLATE utf8_bin DEFAULT NULL,
  `USER_ID_` varchar(255) COLLATE utf8_bin DEFAULT NULL,
  `TASK_ID_` varchar(64) COLLATE utf8_bin DEFAULT NULL,
  `PROC_INST_ID_` varchar(64) COLLATE utf8_bin DEFAULT NULL,
  PRIMARY KEY (`ID_`),
  KEY `ACT_IDX_HI_IDENT_LNK_USER` (`USER_ID_`),
  KEY `ACT_IDX_HI_IDENT_LNK_TASK` (`TASK_ID_`),
  KEY `ACT_IDX_HI_IDENT_LNK_PROCINST` (`PROC_INST_ID_`)
) ENGINE=InnoDB DEFAULT CHARSET=utf8 COLLATE=utf8_bin;

-- ----------------------------
-- Records of act_hi_identitylink
-- ----------------------------
INSERT INTO `act_hi_identitylink` VALUES ('280010', 'candidateGroup1', 'candidate', null, '280009', null);
INSERT INTO `act_hi_identitylink` VALUES ('282506', 'candidateGroup1', 'candidate', null, '282505', null);
INSERT INTO `act_hi_identitylink` VALUES ('282511', 'candidateGroup2', 'candidate', null, '282510', null);
INSERT INTO `act_hi_identitylink` VALUES ('282514', 'candidateGroup3', 'candidate', null, '282513', null);
INSERT INTO `act_hi_identitylink` VALUES ('285006', 'candidateGroup1', 'candidate', null, '285005', null);
INSERT INTO `act_hi_identitylink` VALUES ('285011', 'candidateGroup2', 'candidate', null, '285010', null);
INSERT INTO `act_hi_identitylink` VALUES ('285014', 'candidateGroup3', 'candidate', null, '285013', null);
INSERT INTO `act_hi_identitylink` VALUES ('287506', 'candidateGroup1', 'candidate', null, '287505', null);
INSERT INTO `act_hi_identitylink` VALUES ('287511', 'candidateGroup2', 'candidate', null, '287510', null);
INSERT INTO `act_hi_identitylink` VALUES ('287514', 'candidateGroup3', 'candidate', null, '287513', null);
INSERT INTO `act_hi_identitylink` VALUES ('290006', 'candidateGroup1', 'candidate', null, '290005', null);
INSERT INTO `act_hi_identitylink` VALUES ('290011', 'candidateGroup2', 'candidate', null, '290010', null);
INSERT INTO `act_hi_identitylink` VALUES ('290014', 'candidateGroup3', 'candidate', null, '290013', null);
INSERT INTO `act_hi_identitylink` VALUES ('292506', 'candidateGroup1', 'candidate', null, '292505', null);
INSERT INTO `act_hi_identitylink` VALUES ('292511', 'candidateGroup2', 'candidate', null, '292510', null);
INSERT INTO `act_hi_identitylink` VALUES ('292514', 'candidateGroup3', 'candidate', null, '292513', null);
INSERT INTO `act_hi_identitylink` VALUES ('292519', 'candidateGroup4', 'candidate', null, '292518', null);
INSERT INTO `act_hi_identitylink` VALUES ('295006', 'candidateGroup1', 'candidate', null, '295005', null);
INSERT INTO `act_hi_identitylink` VALUES ('295011', 'candidateGroup2', 'candidate', null, '295010', null);
INSERT INTO `act_hi_identitylink` VALUES ('295014', 'candidateGroup3', 'candidate', null, '295013', null);
INSERT INTO `act_hi_identitylink` VALUES ('297506', 'candidateGroup1', 'candidate', null, '297505', null);
INSERT INTO `act_hi_identitylink` VALUES ('297511', 'candidateGroup2', 'candidate', null, '297510', null);
INSERT INTO `act_hi_identitylink` VALUES ('297514', 'candidateGroup3', 'candidate', null, '297513', null);
INSERT INTO `act_hi_identitylink` VALUES ('300006', 'candidateGroup1', 'candidate', null, '300005', null);
INSERT INTO `act_hi_identitylink` VALUES ('300011', 'candidateGroup2', 'candidate', null, '300010', null);
INSERT INTO `act_hi_identitylink` VALUES ('300014', 'candidateGroup3', 'candidate', null, '300013', null);

-- ----------------------------
-- Table structure for act_hi_procinst
-- ----------------------------
DROP TABLE IF EXISTS `act_hi_procinst`;
CREATE TABLE `act_hi_procinst` (
  `ID_` varchar(64) COLLATE utf8_bin NOT NULL,
  `PROC_INST_ID_` varchar(64) COLLATE utf8_bin NOT NULL,
  `BUSINESS_KEY_` varchar(255) COLLATE utf8_bin DEFAULT NULL,
  `PROC_DEF_ID_` varchar(64) COLLATE utf8_bin NOT NULL,
  `START_TIME_` datetime(3) NOT NULL,
  `END_TIME_` datetime(3) DEFAULT NULL,
  `DURATION_` bigint(20) DEFAULT NULL,
  `START_USER_ID_` varchar(255) COLLATE utf8_bin DEFAULT NULL,
  `START_ACT_ID_` varchar(255) COLLATE utf8_bin DEFAULT NULL,
  `END_ACT_ID_` varchar(255) COLLATE utf8_bin DEFAULT NULL,
  `SUPER_PROCESS_INSTANCE_ID_` varchar(64) COLLATE utf8_bin DEFAULT NULL,
  `DELETE_REASON_` varchar(4000) COLLATE utf8_bin DEFAULT NULL,
  `TENANT_ID_` varchar(255) COLLATE utf8_bin DEFAULT '',
  `NAME_` varchar(255) COLLATE utf8_bin DEFAULT NULL,
  PRIMARY KEY (`ID_`),
  UNIQUE KEY `PROC_INST_ID_` (`PROC_INST_ID_`),
  KEY `ACT_IDX_HI_PRO_INST_END` (`END_TIME_`),
  KEY `ACT_IDX_HI_PRO_I_BUSKEY` (`BUSINESS_KEY_`)
) ENGINE=InnoDB DEFAULT CHARSET=utf8 COLLATE=utf8_bin;

-- ----------------------------
-- Records of act_hi_procinst
-- ----------------------------
INSERT INTO `act_hi_procinst` VALUES ('280005', '280005', null, 'process021:1:280004', '2019-08-23 15:04:36.238', null, null, null, 'startEvent', null, null, null, '', null);
INSERT INTO `act_hi_procinst` VALUES ('282501', '282501', null, 'process021:1:280004', '2019-08-23 15:06:18.161', null, null, null, 'startEvent', null, null, null, '', null);
INSERT INTO `act_hi_procinst` VALUES ('285001', '285001', null, 'process021:1:280004', '2019-08-23 15:13:15.968', null, null, null, 'startEvent', null, null, null, '', null);
INSERT INTO `act_hi_procinst` VALUES ('287501', '287501', null, 'process021:1:280004', '2019-08-23 15:16:27.793', null, null, null, 'startEvent', null, null, null, '', null);
INSERT INTO `act_hi_procinst` VALUES ('290001', '290001', null, 'process021:1:280004', '2019-08-23 15:18:14.800', null, null, null, 'startEvent', null, null, null, '', null);
INSERT INTO `act_hi_procinst` VALUES ('292501', '292501', null, 'process021:1:280004', '2019-08-23 15:19:47.873', null, null, null, 'startEvent', null, null, null, '', null);
INSERT INTO `act_hi_procinst` VALUES ('295001', '295001', null, 'process021:1:280004', '2019-08-23 15:30:52.253', null, null, null, 'startEvent', null, null, null, '', null);
INSERT INTO `act_hi_procinst` VALUES ('297501', '297501', null, 'process021:1:280004', '2019-08-23 15:31:57.079', null, null, null, 'startEvent', null, null, null, '', null);
INSERT INTO `act_hi_procinst` VALUES ('300001', '300001', null, 'process021:1:280004', '2019-08-23 15:39:22.580', null, null, null, 'startEvent', null, null, null, '', null);

-- ----------------------------
-- Table structure for act_hi_taskinst
-- ----------------------------
DROP TABLE IF EXISTS `act_hi_taskinst`;
CREATE TABLE `act_hi_taskinst` (
  `ID_` varchar(64) COLLATE utf8_bin NOT NULL,
  `PROC_DEF_ID_` varchar(64) COLLATE utf8_bin DEFAULT NULL,
  `TASK_DEF_KEY_` varchar(255) COLLATE utf8_bin DEFAULT NULL,
  `PROC_INST_ID_` varchar(64) COLLATE utf8_bin DEFAULT NULL,
  `EXECUTION_ID_` varchar(64) COLLATE utf8_bin DEFAULT NULL,
  `NAME_` varchar(255) COLLATE utf8_bin DEFAULT NULL,
  `PARENT_TASK_ID_` varchar(64) COLLATE utf8_bin DEFAULT NULL,
  `DESCRIPTION_` varchar(4000) COLLATE utf8_bin DEFAULT NULL,
  `OWNER_` varchar(255) COLLATE utf8_bin DEFAULT NULL,
  `ASSIGNEE_` varchar(255) COLLATE utf8_bin DEFAULT NULL,
  `START_TIME_` datetime(3) NOT NULL,
  `CLAIM_TIME_` datetime(3) DEFAULT NULL,
  `END_TIME_` datetime(3) DEFAULT NULL,
  `DURATION_` bigint(20) DEFAULT NULL,
  `DELETE_REASON_` varchar(4000) COLLATE utf8_bin DEFAULT NULL,
  `PRIORITY_` int(11) DEFAULT NULL,
  `DUE_DATE_` datetime(3) DEFAULT NULL,
  `FORM_KEY_` varchar(255) COLLATE utf8_bin DEFAULT NULL,
  `CATEGORY_` varchar(255) COLLATE utf8_bin DEFAULT NULL,
  `TENANT_ID_` varchar(255) COLLATE utf8_bin DEFAULT '',
  PRIMARY KEY (`ID_`),
  KEY `ACT_IDX_HI_TASK_INST_PROCINST` (`PROC_INST_ID_`)
) ENGINE=InnoDB DEFAULT CHARSET=utf8 COLLATE=utf8_bin;

-- ----------------------------
-- Records of act_hi_taskinst
-- ----------------------------
INSERT INTO `act_hi_taskinst` VALUES ('280009', 'process021:1:280004', 'task1', '280005', '280006', '员工申请', null, null, null, null, '2019-08-23 15:04:36.304', null, null, null, null, '50', null, null, null, '');
INSERT INTO `act_hi_taskinst` VALUES ('282505', 'process021:1:280004', 'task1', '282501', '282502', '员工申请', null, null, null, null, '2019-08-23 15:06:18.321', null, '2019-08-23 15:06:18.793', '472', null, '50', null, null, null, '');
INSERT INTO `act_hi_taskinst` VALUES ('282510', 'process021:1:280004', 'task2', '282501', '282502', '经理审批', null, null, null, null, '2019-08-23 15:06:18.821', null, '2019-08-23 15:06:19.040', '219', null, '50', null, null, null, '');
INSERT INTO `act_hi_taskinst` VALUES ('282513', 'process021:1:280004', 'task3', '282501', '282502', '总经理审批', null, null, null, null, '2019-08-23 15:06:19.055', null, null, null, null, '50', null, null, null, '');
INSERT INTO `act_hi_taskinst` VALUES ('285005', 'process021:1:280004', 'task1', '285001', '285002', '员工申请', null, null, null, null, '2019-08-23 15:13:16.123', null, '2019-08-23 15:13:16.544', '421', null, '50', null, null, null, '');
INSERT INTO `act_hi_taskinst` VALUES ('285010', 'process021:1:280004', 'task2', '285001', '285002', '经理审批', null, null, null, null, '2019-08-23 15:13:16.563', null, '2019-08-23 15:13:16.821', '258', null, '50', null, null, null, '');
INSERT INTO `act_hi_taskinst` VALUES ('285013', 'process021:1:280004', 'task3', '285001', '285002', '总经理审批', null, null, null, null, '2019-08-23 15:13:16.833', null, null, null, null, '50', null, null, null, '');
INSERT INTO `act_hi_taskinst` VALUES ('287505', 'process021:1:280004', 'task1', '287501', '287502', '员工申请', null, null, null, null, '2019-08-23 15:16:27.999', null, '2019-08-23 15:16:28.495', '496', null, '50', null, null, null, '');
INSERT INTO `act_hi_taskinst` VALUES ('287510', 'process021:1:280004', 'task2', '287501', '287502', '经理审批', null, null, null, null, '2019-08-23 15:16:28.524', null, '2019-08-23 15:16:28.745', '221', null, '50', null, null, null, '');
INSERT INTO `act_hi_taskinst` VALUES ('287513', 'process021:1:280004', 'task3', '287501', '287502', '总经理审批', null, null, null, null, '2019-08-23 15:16:28.759', null, null, null, null, '50', null, null, null, '');
INSERT INTO `act_hi_taskinst` VALUES ('290005', 'process021:1:280004', 'task1', '290001', '290002', '员工申请', null, null, null, null, '2019-08-23 15:18:14.956', null, '2019-08-23 15:18:15.359', '403', null, '50', null, null, null, '');
INSERT INTO `act_hi_taskinst` VALUES ('290010', 'process021:1:280004', 'task2', '290001', '290002', '经理审批', null, null, null, null, '2019-08-23 15:18:15.380', null, '2019-08-23 15:18:15.596', '216', null, '50', null, null, null, '');
INSERT INTO `act_hi_taskinst` VALUES ('290013', 'process021:1:280004', 'task3', '290001', '290002', '总经理审批', null, null, null, null, '2019-08-23 15:18:15.612', null, null, null, null, '50', null, null, null, '');
INSERT INTO `act_hi_taskinst` VALUES ('292505', 'process021:1:280004', 'task1', '292501', '292502', '员工申请', null, null, null, null, '2019-08-23 15:19:48.048', null, '2019-08-23 15:19:48.483', '435', null, '50', null, null, null, '');
INSERT INTO `act_hi_taskinst` VALUES ('292510', 'process021:1:280004', 'task2', '292501', '292502', '经理审批', null, null, null, null, '2019-08-23 15:19:48.509', null, '2019-08-23 15:19:48.757', '248', null, '50', null, null, null, '');
INSERT INTO `act_hi_taskinst` VALUES ('292513', 'process021:1:280004', 'task3', '292501', '292502', '总经理审批', null, null, null, null, '2019-08-23 15:19:48.774', null, '2019-08-23 15:19:49.005', '231', null, '50', null, null, null, '');
INSERT INTO `act_hi_taskinst` VALUES ('292518', 'process021:1:280004', 'task4', '292501', '292502', '修改申请', null, null, null, null, '2019-08-23 15:19:49.048', null, null, null, null, '50', null, null, null, '');
INSERT INTO `act_hi_taskinst` VALUES ('295005', 'process021:1:280004', 'task1', '295001', '295002', '员工申请', null, null, null, null, '2019-08-23 15:30:52.392', null, '2019-08-23 15:30:52.810', '418', null, '50', null, null, null, '');
INSERT INTO `act_hi_taskinst` VALUES ('295010', 'process021:1:280004', 'task2', '295001', '295002', '经理审批', null, null, null, null, '2019-08-23 15:30:52.837', null, '2019-08-23 15:30:53.074', '237', null, '50', null, null, null, '');
INSERT INTO `act_hi_taskinst` VALUES ('295013', 'process021:1:280004', 'task3', '295001', '295002', '总经理审批', null, null, null, null, '2019-08-23 15:30:53.090', null, null, null, null, '50', null, null, null, '');
INSERT INTO `act_hi_taskinst` VALUES ('297505', 'process021:1:280004', 'task1', '297501', '297502', '员工申请', null, null, null, null, '2019-08-23 15:31:57.223', null, '2019-08-23 15:31:57.607', '384', null, '50', null, null, null, '');
INSERT INTO `act_hi_taskinst` VALUES ('297510', 'process021:1:280004', 'task2', '297501', '297502', '经理审批', null, null, null, null, '2019-08-23 15:31:57.627', null, '2019-08-23 15:31:57.922', '295', null, '50', null, null, null, '');
INSERT INTO `act_hi_taskinst` VALUES ('297513', 'process021:1:280004', 'task3', '297501', '297502', '总经理审批', null, null, null, null, '2019-08-23 15:31:57.941', null, null, null, null, '50', null, null, null, '');
INSERT INTO `act_hi_taskinst` VALUES ('300005', 'process021:1:280004', 'task1', '300001', '300002', '员工申请', null, null, null, null, '2019-08-23 15:39:22.735', null, '2019-08-23 15:39:23.171', '436', null, '50', null, null, null, '');
INSERT INTO `act_hi_taskinst` VALUES ('300010', 'process021:1:280004', 'task2', '300001', '300002', '经理审批', null, null, null, null, '2019-08-23 15:39:23.197', null, '2019-08-23 15:39:23.437', '240', null, '50', null, null, null, '');
INSERT INTO `act_hi_taskinst` VALUES ('300013', 'process021:1:280004', 'task3', '300001', '300002', '总经理审批', null, null, null, null, '2019-08-23 15:39:23.453', null, null, null, null, '50', null, null, null, '');

-- ----------------------------
-- Table structure for act_hi_varinst
-- ----------------------------
DROP TABLE IF EXISTS `act_hi_varinst`;
CREATE TABLE `act_hi_varinst` (
  `ID_` varchar(64) COLLATE utf8_bin NOT NULL,
  `PROC_INST_ID_` varchar(64) COLLATE utf8_bin DEFAULT NULL,
  `EXECUTION_ID_` varchar(64) COLLATE utf8_bin DEFAULT NULL,
  `TASK_ID_` varchar(64) COLLATE utf8_bin DEFAULT NULL,
  `NAME_` varchar(255) COLLATE utf8_bin NOT NULL,
  `VAR_TYPE_` varchar(100) COLLATE utf8_bin DEFAULT NULL,
  `REV_` int(11) DEFAULT NULL,
  `BYTEARRAY_ID_` varchar(64) COLLATE utf8_bin DEFAULT NULL,
  `DOUBLE_` double DEFAULT NULL,
  `LONG_` bigint(20) DEFAULT NULL,
  `TEXT_` varchar(4000) COLLATE utf8_bin DEFAULT NULL,
  `TEXT2_` varchar(4000) COLLATE utf8_bin DEFAULT NULL,
  `CREATE_TIME_` datetime(3) DEFAULT NULL,
  `LAST_UPDATED_TIME_` datetime(3) DEFAULT NULL,
  PRIMARY KEY (`ID_`),
  KEY `ACT_IDX_HI_PROCVAR_PROC_INST` (`PROC_INST_ID_`),
  KEY `ACT_IDX_HI_PROCVAR_NAME_TYPE` (`NAME_`,`VAR_TYPE_`),
  KEY `ACT_IDX_HI_PROCVAR_TASK_ID` (`TASK_ID_`)
) ENGINE=InnoDB DEFAULT CHARSET=utf8 COLLATE=utf8_bin;

-- ----------------------------
-- Records of act_hi_varinst
-- ----------------------------
INSERT INTO `act_hi_varinst` VALUES ('282507', '282501', '282501', null, 'apply', 'string', '1', null, null, null, 'zhangsan', null, '2019-08-23 15:06:18.757', '2019-08-23 15:06:19.013');
INSERT INTO `act_hi_varinst` VALUES ('282508', '282501', '282501', null, 'approve', 'string', '1', null, null, null, 'lisi', null, '2019-08-23 15:06:18.760', '2019-08-23 15:06:19.019');
INSERT INTO `act_hi_varinst` VALUES ('285007', '285001', '285001', null, 'apply', 'string', '1', null, null, null, 'zhangsan', null, '2019-08-23 15:13:16.509', '2019-08-23 15:13:16.797');
INSERT INTO `act_hi_varinst` VALUES ('285008', '285001', '285001', null, 'approve', 'string', '1', null, null, null, 'lisi', null, '2019-08-23 15:13:16.511', '2019-08-23 15:13:16.803');
INSERT INTO `act_hi_varinst` VALUES ('287507', '287501', '287501', null, 'apply', 'string', '1', null, null, null, 'zhangsan', null, '2019-08-23 15:16:28.461', '2019-08-23 15:16:28.719');
INSERT INTO `act_hi_varinst` VALUES ('287508', '287501', '287501', null, 'approve', 'string', '1', null, null, null, 'lisi', null, '2019-08-23 15:16:28.464', '2019-08-23 15:16:28.726');
INSERT INTO `act_hi_varinst` VALUES ('290007', '290001', '290001', null, 'apply', 'string', '1', null, null, null, 'zhangsan', null, '2019-08-23 15:18:15.328', '2019-08-23 15:18:15.574');
INSERT INTO `act_hi_varinst` VALUES ('290008', '290001', '290001', null, 'approve', 'string', '1', null, null, null, 'lisi', null, '2019-08-23 15:18:15.330', '2019-08-23 15:18:15.579');
INSERT INTO `act_hi_varinst` VALUES ('292507', '292501', '292501', null, 'apply', 'string', '2', null, null, null, 'zhangsan', null, '2019-08-23 15:19:48.444', '2019-08-23 15:19:48.932');
INSERT INTO `act_hi_varinst` VALUES ('292508', '292501', '292501', null, 'approve', 'string', '2', null, null, null, 'lisi', null, '2019-08-23 15:19:48.446', '2019-08-23 15:19:48.939');
INSERT INTO `act_hi_varinst` VALUES ('292515', '292501', '292501', null, 'pass', 'string', '0', null, null, null, '2', null, '2019-08-23 15:19:48.932', '2019-08-23 15:19:48.932');
INSERT INTO `act_hi_varinst` VALUES ('295007', '295001', '295001', null, 'apply', 'string', '1', null, null, null, 'zhangsan', null, '2019-08-23 15:30:52.769', '2019-08-23 15:30:53.048');
INSERT INTO `act_hi_varinst` VALUES ('295008', '295001', '295001', null, 'approve', 'string', '1', null, null, null, 'lisi', null, '2019-08-23 15:30:52.771', '2019-08-23 15:30:53.054');
INSERT INTO `act_hi_varinst` VALUES ('297507', '297501', '297501', null, 'apply', 'string', '1', null, null, null, 'zhangsan', null, '2019-08-23 15:31:57.576', '2019-08-23 15:31:57.882');
INSERT INTO `act_hi_varinst` VALUES ('297508', '297501', '297501', null, 'approve', 'string', '1', null, null, null, 'lisi', null, '2019-08-23 15:31:57.578', '2019-08-23 15:31:57.893');
INSERT INTO `act_hi_varinst` VALUES ('300007', '300001', '300001', null, 'apply', 'string', '1', null, null, null, 'zhangsan', null, '2019-08-23 15:39:23.132', '2019-08-23 15:39:23.405');
INSERT INTO `act_hi_varinst` VALUES ('300008', '300001', '300001', null, 'approve', 'string', '1', null, null, null, 'lisi', null, '2019-08-23 15:39:23.134', '2019-08-23 15:39:23.412');

-- ----------------------------
-- Table structure for act_id_group
-- ----------------------------
DROP TABLE IF EXISTS `act_id_group`;
CREATE TABLE `act_id_group` (
  `ID_` varchar(64) COLLATE utf8_bin NOT NULL,
  `REV_` int(11) DEFAULT NULL,
  `NAME_` varchar(255) COLLATE utf8_bin DEFAULT NULL,
  `TYPE_` varchar(255) COLLATE utf8_bin DEFAULT NULL,
  PRIMARY KEY (`ID_`)
) ENGINE=InnoDB DEFAULT CHARSET=utf8 COLLATE=utf8_bin;

-- ----------------------------
-- Records of act_id_group
-- ----------------------------

-- ----------------------------
-- Table structure for act_id_info
-- ----------------------------
DROP TABLE IF EXISTS `act_id_info`;
CREATE TABLE `act_id_info` (
  `ID_` varchar(64) COLLATE utf8_bin NOT NULL,
  `REV_` int(11) DEFAULT NULL,
  `USER_ID_` varchar(64) COLLATE utf8_bin DEFAULT NULL,
  `TYPE_` varchar(64) COLLATE utf8_bin DEFAULT NULL,
  `KEY_` varchar(255) COLLATE utf8_bin DEFAULT NULL,
  `VALUE_` varchar(255) COLLATE utf8_bin DEFAULT NULL,
  `PASSWORD_` longblob,
  `PARENT_ID_` varchar(255) COLLATE utf8_bin DEFAULT NULL,
  PRIMARY KEY (`ID_`)
) ENGINE=InnoDB DEFAULT CHARSET=utf8 COLLATE=utf8_bin;

-- ----------------------------
-- Records of act_id_info
-- ----------------------------

-- ----------------------------
-- Table structure for act_id_membership
-- ----------------------------
DROP TABLE IF EXISTS `act_id_membership`;
CREATE TABLE `act_id_membership` (
  `USER_ID_` varchar(64) COLLATE utf8_bin NOT NULL,
  `GROUP_ID_` varchar(64) COLLATE utf8_bin NOT NULL,
  PRIMARY KEY (`USER_ID_`,`GROUP_ID_`),
  KEY `ACT_FK_MEMB_GROUP` (`GROUP_ID_`),
  CONSTRAINT `ACT_FK_MEMB_GROUP` FOREIGN KEY (`GROUP_ID_`) REFERENCES `act_id_group` (`ID_`),
  CONSTRAINT `ACT_FK_MEMB_USER` FOREIGN KEY (`USER_ID_`) REFERENCES `act_id_user` (`ID_`)
) ENGINE=InnoDB DEFAULT CHARSET=utf8 COLLATE=utf8_bin;

-- ----------------------------
-- Records of act_id_membership
-- ----------------------------

-- ----------------------------
-- Table structure for act_id_user
-- ----------------------------
DROP TABLE IF EXISTS `act_id_user`;
CREATE TABLE `act_id_user` (
  `ID_` varchar(64) COLLATE utf8_bin NOT NULL,
  `REV_` int(11) DEFAULT NULL,
  `FIRST_` varchar(255) COLLATE utf8_bin DEFAULT NULL,
  `LAST_` varchar(255) COLLATE utf8_bin DEFAULT NULL,
  `EMAIL_` varchar(255) COLLATE utf8_bin DEFAULT NULL,
  `PWD_` varchar(255) COLLATE utf8_bin DEFAULT NULL,
  `PICTURE_ID_` varchar(64) COLLATE utf8_bin DEFAULT NULL,
  PRIMARY KEY (`ID_`)
) ENGINE=InnoDB DEFAULT CHARSET=utf8 COLLATE=utf8_bin;

-- ----------------------------
-- Records of act_id_user
-- ----------------------------

-- ----------------------------
-- Table structure for act_procdef_info
-- ----------------------------
DROP TABLE IF EXISTS `act_procdef_info`;
CREATE TABLE `act_procdef_info` (
  `ID_` varchar(64) COLLATE utf8_bin NOT NULL,
  `PROC_DEF_ID_` varchar(64) COLLATE utf8_bin NOT NULL,
  `REV_` int(11) DEFAULT NULL,
  `INFO_JSON_ID_` varchar(64) COLLATE utf8_bin DEFAULT NULL,
  PRIMARY KEY (`ID_`),
  UNIQUE KEY `ACT_UNIQ_INFO_PROCDEF` (`PROC_DEF_ID_`),
  KEY `ACT_IDX_INFO_PROCDEF` (`PROC_DEF_ID_`),
  KEY `ACT_FK_INFO_JSON_BA` (`INFO_JSON_ID_`),
  CONSTRAINT `ACT_FK_INFO_JSON_BA` FOREIGN KEY (`INFO_JSON_ID_`) REFERENCES `act_ge_bytearray` (`ID_`),
  CONSTRAINT `ACT_FK_INFO_PROCDEF` FOREIGN KEY (`PROC_DEF_ID_`) REFERENCES `act_re_procdef` (`ID_`)
) ENGINE=InnoDB DEFAULT CHARSET=utf8 COLLATE=utf8_bin;

-- ----------------------------
-- Records of act_procdef_info
-- ----------------------------

-- ----------------------------
-- Table structure for act_re_deployment
-- ----------------------------
DROP TABLE IF EXISTS `act_re_deployment`;
CREATE TABLE `act_re_deployment` (
  `ID_` varchar(64) COLLATE utf8_bin NOT NULL,
  `NAME_` varchar(255) COLLATE utf8_bin DEFAULT NULL,
  `CATEGORY_` varchar(255) COLLATE utf8_bin DEFAULT NULL,
  `KEY_` varchar(255) COLLATE utf8_bin DEFAULT NULL,
  `TENANT_ID_` varchar(255) COLLATE utf8_bin DEFAULT '',
  `DEPLOY_TIME_` timestamp(3) NULL DEFAULT NULL,
  `ENGINE_VERSION_` varchar(255) COLLATE utf8_bin DEFAULT NULL,
  PRIMARY KEY (`ID_`)
) ENGINE=InnoDB DEFAULT CHARSET=utf8 COLLATE=utf8_bin;

-- ----------------------------
-- Records of act_re_deployment
-- ----------------------------
INSERT INTO `act_re_deployment` VALUES ('280001', 'process021_deployment', null, null, '', '2019-08-23 15:04:34.961', null);

-- ----------------------------
-- Table structure for act_re_model
-- ----------------------------
DROP TABLE IF EXISTS `act_re_model`;
CREATE TABLE `act_re_model` (
  `ID_` varchar(64) COLLATE utf8_bin NOT NULL,
  `REV_` int(11) DEFAULT NULL,
  `NAME_` varchar(255) COLLATE utf8_bin DEFAULT NULL,
  `KEY_` varchar(255) COLLATE utf8_bin DEFAULT NULL,
  `CATEGORY_` varchar(255) COLLATE utf8_bin DEFAULT NULL,
  `CREATE_TIME_` timestamp(3) NULL DEFAULT NULL,
  `LAST_UPDATE_TIME_` timestamp(3) NULL DEFAULT NULL,
  `VERSION_` int(11) DEFAULT NULL,
  `META_INFO_` varchar(4000) COLLATE utf8_bin DEFAULT NULL,
  `DEPLOYMENT_ID_` varchar(64) COLLATE utf8_bin DEFAULT NULL,
  `EDITOR_SOURCE_VALUE_ID_` varchar(64) COLLATE utf8_bin DEFAULT NULL,
  `EDITOR_SOURCE_EXTRA_VALUE_ID_` varchar(64) COLLATE utf8_bin DEFAULT NULL,
  `TENANT_ID_` varchar(255) COLLATE utf8_bin DEFAULT '',
  PRIMARY KEY (`ID_`),
  KEY `ACT_FK_MODEL_SOURCE` (`EDITOR_SOURCE_VALUE_ID_`),
  KEY `ACT_FK_MODEL_SOURCE_EXTRA` (`EDITOR_SOURCE_EXTRA_VALUE_ID_`),
  KEY `ACT_FK_MODEL_DEPLOYMENT` (`DEPLOYMENT_ID_`),
  CONSTRAINT `ACT_FK_MODEL_DEPLOYMENT` FOREIGN KEY (`DEPLOYMENT_ID_`) REFERENCES `act_re_deployment` (`ID_`),
  CONSTRAINT `ACT_FK_MODEL_SOURCE` FOREIGN KEY (`EDITOR_SOURCE_VALUE_ID_`) REFERENCES `act_ge_bytearray` (`ID_`),
  CONSTRAINT `ACT_FK_MODEL_SOURCE_EXTRA` FOREIGN KEY (`EDITOR_SOURCE_EXTRA_VALUE_ID_`) REFERENCES `act_ge_bytearray` (`ID_`)
) ENGINE=InnoDB DEFAULT CHARSET=utf8 COLLATE=utf8_bin;

-- ----------------------------
-- Records of act_re_model
-- ----------------------------

-- ----------------------------
-- Table structure for act_re_procdef
-- ----------------------------
DROP TABLE IF EXISTS `act_re_procdef`;
CREATE TABLE `act_re_procdef` (
  `ID_` varchar(64) COLLATE utf8_bin NOT NULL,
  `REV_` int(11) DEFAULT NULL,
  `CATEGORY_` varchar(255) COLLATE utf8_bin DEFAULT NULL,
  `NAME_` varchar(255) COLLATE utf8_bin DEFAULT NULL,
  `KEY_` varchar(255) COLLATE utf8_bin NOT NULL,
  `VERSION_` int(11) NOT NULL,
  `DEPLOYMENT_ID_` varchar(64) COLLATE utf8_bin DEFAULT NULL,
  `RESOURCE_NAME_` varchar(4000) COLLATE utf8_bin DEFAULT NULL,
  `DGRM_RESOURCE_NAME_` varchar(4000) COLLATE utf8_bin DEFAULT NULL,
  `DESCRIPTION_` varchar(4000) COLLATE utf8_bin DEFAULT NULL,
  `HAS_START_FORM_KEY_` tinyint(4) DEFAULT NULL,
  `HAS_GRAPHICAL_NOTATION_` tinyint(4) DEFAULT NULL,
  `SUSPENSION_STATE_` int(11) DEFAULT NULL,
  `TENANT_ID_` varchar(255) COLLATE utf8_bin DEFAULT '',
  `ENGINE_VERSION_` varchar(255) COLLATE utf8_bin DEFAULT NULL,
  PRIMARY KEY (`ID_`),
  UNIQUE KEY `ACT_UNIQ_PROCDEF` (`KEY_`,`VERSION_`,`TENANT_ID_`)
) ENGINE=InnoDB DEFAULT CHARSET=utf8 COLLATE=utf8_bin;

-- ----------------------------
-- Records of act_re_procdef
-- ----------------------------
INSERT INTO `act_re_procdef` VALUES ('process021:1:280004', '1', 'http://www.activiti.org/test', '测试021', 'process021', '1', '280001', 'process021.bpmn', 'process021.process021.png', null, '0', '1', '1', '', null);

-- ----------------------------
-- Table structure for act_ru_deadletter_job
-- ----------------------------
DROP TABLE IF EXISTS `act_ru_deadletter_job`;
CREATE TABLE `act_ru_deadletter_job` (
  `ID_` varchar(64) COLLATE utf8_bin NOT NULL,
  `REV_` int(11) DEFAULT NULL,
  `TYPE_` varchar(255) COLLATE utf8_bin NOT NULL,
  `EXCLUSIVE_` tinyint(1) DEFAULT NULL,
  `EXECUTION_ID_` varchar(64) COLLATE utf8_bin DEFAULT NULL,
  `PROCESS_INSTANCE_ID_` varchar(64) COLLATE utf8_bin DEFAULT NULL,
  `PROC_DEF_ID_` varchar(64) COLLATE utf8_bin DEFAULT NULL,
  `EXCEPTION_STACK_ID_` varchar(64) COLLATE utf8_bin DEFAULT NULL,
  `EXCEPTION_MSG_` varchar(4000) COLLATE utf8_bin DEFAULT NULL,
  `DUEDATE_` timestamp(3) NULL DEFAULT NULL,
  `REPEAT_` varchar(255) COLLATE utf8_bin DEFAULT NULL,
  `HANDLER_TYPE_` varchar(255) COLLATE utf8_bin DEFAULT NULL,
  `HANDLER_CFG_` varchar(4000) COLLATE utf8_bin DEFAULT NULL,
  `TENANT_ID_` varchar(255) COLLATE utf8_bin DEFAULT '',
  PRIMARY KEY (`ID_`),
  KEY `ACT_FK_DEADLETTER_JOB_EXECUTION` (`EXECUTION_ID_`),
  KEY `ACT_FK_DEADLETTER_JOB_PROCESS_INSTANCE` (`PROCESS_INSTANCE_ID_`),
  KEY `ACT_FK_DEADLETTER_JOB_PROC_DEF` (`PROC_DEF_ID_`),
  KEY `ACT_FK_DEADLETTER_JOB_EXCEPTION` (`EXCEPTION_STACK_ID_`),
  CONSTRAINT `ACT_FK_DEADLETTER_JOB_EXCEPTION` FOREIGN KEY (`EXCEPTION_STACK_ID_`) REFERENCES `act_ge_bytearray` (`ID_`),
  CONSTRAINT `ACT_FK_DEADLETTER_JOB_EXECUTION` FOREIGN KEY (`EXECUTION_ID_`) REFERENCES `act_ru_execution` (`ID_`),
  CONSTRAINT `ACT_FK_DEADLETTER_JOB_PROCESS_INSTANCE` FOREIGN KEY (`PROCESS_INSTANCE_ID_`) REFERENCES `act_ru_execution` (`ID_`),
  CONSTRAINT `ACT_FK_DEADLETTER_JOB_PROC_DEF` FOREIGN KEY (`PROC_DEF_ID_`) REFERENCES `act_re_procdef` (`ID_`)
) ENGINE=InnoDB DEFAULT CHARSET=utf8 COLLATE=utf8_bin;

-- ----------------------------
-- Records of act_ru_deadletter_job
-- ----------------------------

-- ----------------------------
-- Table structure for act_ru_event_subscr
-- ----------------------------
DROP TABLE IF EXISTS `act_ru_event_subscr`;
CREATE TABLE `act_ru_event_subscr` (
  `ID_` varchar(64) COLLATE utf8_bin NOT NULL,
  `REV_` int(11) DEFAULT NULL,
  `EVENT_TYPE_` varchar(255) COLLATE utf8_bin NOT NULL,
  `EVENT_NAME_` varchar(255) COLLATE utf8_bin DEFAULT NULL,
  `EXECUTION_ID_` varchar(64) COLLATE utf8_bin DEFAULT NULL,
  `PROC_INST_ID_` varchar(64) COLLATE utf8_bin DEFAULT NULL,
  `ACTIVITY_ID_` varchar(64) COLLATE utf8_bin DEFAULT NULL,
  `CONFIGURATION_` varchar(255) COLLATE utf8_bin DEFAULT NULL,
  `CREATED_` timestamp(3) NOT NULL DEFAULT CURRENT_TIMESTAMP(3),
  `PROC_DEF_ID_` varchar(64) COLLATE utf8_bin DEFAULT NULL,
  `TENANT_ID_` varchar(255) COLLATE utf8_bin DEFAULT '',
  PRIMARY KEY (`ID_`),
  KEY `ACT_IDX_EVENT_SUBSCR_CONFIG_` (`CONFIGURATION_`),
  KEY `ACT_FK_EVENT_EXEC` (`EXECUTION_ID_`),
  CONSTRAINT `ACT_FK_EVENT_EXEC` FOREIGN KEY (`EXECUTION_ID_`) REFERENCES `act_ru_execution` (`ID_`)
) ENGINE=InnoDB DEFAULT CHARSET=utf8 COLLATE=utf8_bin;

-- ----------------------------
-- Records of act_ru_event_subscr
-- ----------------------------

-- ----------------------------
-- Table structure for act_ru_execution
-- ----------------------------
DROP TABLE IF EXISTS `act_ru_execution`;
CREATE TABLE `act_ru_execution` (
  `ID_` varchar(64) COLLATE utf8_bin NOT NULL,
  `REV_` int(11) DEFAULT NULL,
  `PROC_INST_ID_` varchar(64) COLLATE utf8_bin DEFAULT NULL,
  `BUSINESS_KEY_` varchar(255) COLLATE utf8_bin DEFAULT NULL,
  `PARENT_ID_` varchar(64) COLLATE utf8_bin DEFAULT NULL,
  `PROC_DEF_ID_` varchar(64) COLLATE utf8_bin DEFAULT NULL,
  `SUPER_EXEC_` varchar(64) COLLATE utf8_bin DEFAULT NULL,
  `ROOT_PROC_INST_ID_` varchar(64) COLLATE utf8_bin DEFAULT NULL,
  `ACT_ID_` varchar(255) COLLATE utf8_bin DEFAULT NULL,
  `IS_ACTIVE_` tinyint(4) DEFAULT NULL,
  `IS_CONCURRENT_` tinyint(4) DEFAULT NULL,
  `IS_SCOPE_` tinyint(4) DEFAULT NULL,
  `IS_EVENT_SCOPE_` tinyint(4) DEFAULT NULL,
  `IS_MI_ROOT_` tinyint(4) DEFAULT NULL,
  `SUSPENSION_STATE_` int(11) DEFAULT NULL,
  `CACHED_ENT_STATE_` int(11) DEFAULT NULL,
  `TENANT_ID_` varchar(255) COLLATE utf8_bin DEFAULT '',
  `NAME_` varchar(255) COLLATE utf8_bin DEFAULT NULL,
  `START_TIME_` datetime(3) DEFAULT NULL,
  `START_USER_ID_` varchar(255) COLLATE utf8_bin DEFAULT NULL,
  `LOCK_TIME_` timestamp(3) NULL DEFAULT NULL,
  `IS_COUNT_ENABLED_` tinyint(4) DEFAULT NULL,
  `EVT_SUBSCR_COUNT_` int(11) DEFAULT NULL,
  `TASK_COUNT_` int(11) DEFAULT NULL,
  `JOB_COUNT_` int(11) DEFAULT NULL,
  `TIMER_JOB_COUNT_` int(11) DEFAULT NULL,
  `SUSP_JOB_COUNT_` int(11) DEFAULT NULL,
  `DEADLETTER_JOB_COUNT_` int(11) DEFAULT NULL,
  `VAR_COUNT_` int(11) DEFAULT NULL,
  `ID_LINK_COUNT_` int(11) DEFAULT NULL,
  PRIMARY KEY (`ID_`),
  KEY `ACT_IDX_EXEC_BUSKEY` (`BUSINESS_KEY_`),
  KEY `ACT_IDC_EXEC_ROOT` (`ROOT_PROC_INST_ID_`),
  KEY `ACT_FK_EXE_PROCINST` (`PROC_INST_ID_`),
  KEY `ACT_FK_EXE_PARENT` (`PARENT_ID_`),
  KEY `ACT_FK_EXE_SUPER` (`SUPER_EXEC_`),
  KEY `ACT_FK_EXE_PROCDEF` (`PROC_DEF_ID_`),
  CONSTRAINT `ACT_FK_EXE_PARENT` FOREIGN KEY (`PARENT_ID_`) REFERENCES `act_ru_execution` (`ID_`) ON DELETE CASCADE,
  CONSTRAINT `ACT_FK_EXE_PROCDEF` FOREIGN KEY (`PROC_DEF_ID_`) REFERENCES `act_re_procdef` (`ID_`),
  CONSTRAINT `ACT_FK_EXE_PROCINST` FOREIGN KEY (`PROC_INST_ID_`) REFERENCES `act_ru_execution` (`ID_`) ON DELETE CASCADE ON UPDATE CASCADE,
  CONSTRAINT `ACT_FK_EXE_SUPER` FOREIGN KEY (`SUPER_EXEC_`) REFERENCES `act_ru_execution` (`ID_`) ON DELETE CASCADE
) ENGINE=InnoDB DEFAULT CHARSET=utf8 COLLATE=utf8_bin;

-- ----------------------------
-- Records of act_ru_execution
-- ----------------------------
INSERT INTO `act_ru_execution` VALUES ('280005', '1', '280005', null, null, 'process021:1:280004', null, '280005', null, '1', '0', '1', '0', '0', '1', null, '', null, '2019-08-23 15:04:36.238', null, null, '0', '0', '0', '0', '0', '0', '0', '0', '0');
INSERT INTO `act_ru_execution` VALUES ('280006', '1', '280005', null, '280005', 'process021:1:280004', null, '280005', 'task1', '1', '0', '0', '0', '0', '1', null, '', null, '2019-08-23 15:04:36.239', null, null, '0', '0', '0', '0', '0', '0', '0', '0', '0');
INSERT INTO `act_ru_execution` VALUES ('282501', '1', '282501', null, null, 'process021:1:280004', null, '282501', null, '1', '0', '1', '0', '0', '1', null, '', null, '2019-08-23 15:06:18.161', null, null, '0', '0', '0', '0', '0', '0', '0', '0', '0');
INSERT INTO `act_ru_execution` VALUES ('282502', '3', '282501', null, '282501', 'process021:1:280004', null, '282501', 'task3', '1', '0', '0', '0', '0', '1', null, '', null, '2019-08-23 15:06:18.244', null, null, '0', '0', '0', '0', '0', '0', '0', '0', '0');
INSERT INTO `act_ru_execution` VALUES ('285001', '1', '285001', null, null, 'process021:1:280004', null, '285001', null, '1', '0', '1', '0', '0', '1', null, '', null, '2019-08-23 15:13:15.968', null, null, '0', '0', '0', '0', '0', '0', '0', '0', '0');
INSERT INTO `act_ru_execution` VALUES ('285002', '3', '285001', null, '285001', 'process021:1:280004', null, '285001', 'task3', '1', '0', '0', '0', '0', '1', null, '', null, '2019-08-23 15:13:16.040', null, null, '0', '0', '0', '0', '0', '0', '0', '0', '0');
INSERT INTO `act_ru_execution` VALUES ('287501', '1', '287501', null, null, 'process021:1:280004', null, '287501', null, '1', '0', '1', '0', '0', '1', null, '', null, '2019-08-23 15:16:27.793', null, null, '0', '0', '0', '0', '0', '0', '0', '0', '0');
INSERT INTO `act_ru_execution` VALUES ('287502', '3', '287501', null, '287501', 'process021:1:280004', null, '287501', 'task3', '1', '0', '0', '0', '0', '1', null, '', null, '2019-08-23 15:16:27.908', null, null, '0', '0', '0', '0', '0', '0', '0', '0', '0');
INSERT INTO `act_ru_execution` VALUES ('290001', '1', '290001', null, null, 'process021:1:280004', null, '290001', null, '1', '0', '1', '0', '0', '1', null, '', null, '2019-08-23 15:18:14.800', null, null, '0', '0', '0', '0', '0', '0', '0', '0', '0');
INSERT INTO `act_ru_execution` VALUES ('290002', '3', '290001', null, '290001', 'process021:1:280004', null, '290001', 'task3', '1', '0', '0', '0', '0', '1', null, '', null, '2019-08-23 15:18:14.873', null, null, '0', '0', '0', '0', '0', '0', '0', '0', '0');
INSERT INTO `act_ru_execution` VALUES ('292501', '1', '292501', null, null, 'process021:1:280004', null, '292501', null, '1', '0', '1', '0', '0', '1', null, '', null, '2019-08-23 15:19:47.873', null, null, '0', '0', '0', '0', '0', '0', '0', '0', '0');
INSERT INTO `act_ru_execution` VALUES ('292502', '4', '292501', null, '292501', 'process021:1:280004', null, '292501', 'task4', '1', '0', '0', '0', '0', '1', null, '', null, '2019-08-23 15:19:47.966', null, null, '0', '0', '0', '0', '0', '0', '0', '0', '0');
INSERT INTO `act_ru_execution` VALUES ('295001', '1', '295001', null, null, 'process021:1:280004', null, '295001', null, '1', '0', '1', '0', '0', '1', null, '', null, '2019-08-23 15:30:52.253', null, null, '0', '0', '0', '0', '0', '0', '0', '0', '0');
INSERT INTO `act_ru_execution` VALUES ('295002', '3', '295001', null, '295001', 'process021:1:280004', null, '295001', 'task3', '1', '0', '0', '0', '0', '1', null, '', null, '2019-08-23 15:30:52.320', null, null, '0', '0', '0', '0', '0', '0', '0', '0', '0');
INSERT INTO `act_ru_execution` VALUES ('297501', '1', '297501', null, null, 'process021:1:280004', null, '297501', null, '1', '0', '1', '0', '0', '1', null, '', null, '2019-08-23 15:31:57.079', null, null, '0', '0', '0', '0', '0', '0', '0', '0', '0');
INSERT INTO `act_ru_execution` VALUES ('297502', '3', '297501', null, '297501', 'process021:1:280004', null, '297501', 'task3', '1', '0', '0', '0', '0', '1', null, '', null, '2019-08-23 15:31:57.148', null, null, '0', '0', '0', '0', '0', '0', '0', '0', '0');
INSERT INTO `act_ru_execution` VALUES ('300001', '1', '300001', null, null, 'process021:1:280004', null, '300001', null, '1', '0', '1', '0', '0', '1', null, '', null, '2019-08-23 15:39:22.580', null, null, '0', '0', '0', '0', '0', '0', '0', '0', '0');
INSERT INTO `act_ru_execution` VALUES ('300002', '3', '300001', null, '300001', 'process021:1:280004', null, '300001', 'task3', '1', '0', '0', '0', '0', '1', null, '', null, '2019-08-23 15:39:22.664', null, null, '0', '0', '0', '0', '0', '0', '0', '0', '0');

-- ----------------------------
-- Table structure for act_ru_identitylink
-- ----------------------------
DROP TABLE IF EXISTS `act_ru_identitylink`;
CREATE TABLE `act_ru_identitylink` (
  `ID_` varchar(64) COLLATE utf8_bin NOT NULL,
  `REV_` int(11) DEFAULT NULL,
  `GROUP_ID_` varchar(255) COLLATE utf8_bin DEFAULT NULL,
  `TYPE_` varchar(255) COLLATE utf8_bin DEFAULT NULL,
  `USER_ID_` varchar(255) COLLATE utf8_bin DEFAULT NULL,
  `TASK_ID_` varchar(64) COLLATE utf8_bin DEFAULT NULL,
  `PROC_INST_ID_` varchar(64) COLLATE utf8_bin DEFAULT NULL,
  `PROC_DEF_ID_` varchar(64) COLLATE utf8_bin DEFAULT NULL,
  PRIMARY KEY (`ID_`),
  KEY `ACT_IDX_IDENT_LNK_USER` (`USER_ID_`),
  KEY `ACT_IDX_IDENT_LNK_GROUP` (`GROUP_ID_`),
  KEY `ACT_IDX_ATHRZ_PROCEDEF` (`PROC_DEF_ID_`),
  KEY `ACT_FK_TSKASS_TASK` (`TASK_ID_`),
  KEY `ACT_FK_IDL_PROCINST` (`PROC_INST_ID_`),
  CONSTRAINT `ACT_FK_ATHRZ_PROCEDEF` FOREIGN KEY (`PROC_DEF_ID_`) REFERENCES `act_re_procdef` (`ID_`),
  CONSTRAINT `ACT_FK_IDL_PROCINST` FOREIGN KEY (`PROC_INST_ID_`) REFERENCES `act_ru_execution` (`ID_`),
  CONSTRAINT `ACT_FK_TSKASS_TASK` FOREIGN KEY (`TASK_ID_`) REFERENCES `act_ru_task` (`ID_`)
) ENGINE=InnoDB DEFAULT CHARSET=utf8 COLLATE=utf8_bin;

-- ----------------------------
-- Records of act_ru_identitylink
-- ----------------------------
INSERT INTO `act_ru_identitylink` VALUES ('280010', '1', 'candidateGroup1', 'candidate', null, '280009', null, null);
INSERT INTO `act_ru_identitylink` VALUES ('282514', '1', 'candidateGroup3', 'candidate', null, '282513', null, null);
INSERT INTO `act_ru_identitylink` VALUES ('285014', '1', 'candidateGroup3', 'candidate', null, '285013', null, null);
INSERT INTO `act_ru_identitylink` VALUES ('287514', '1', 'candidateGroup3', 'candidate', null, '287513', null, null);
INSERT INTO `act_ru_identitylink` VALUES ('290014', '1', 'candidateGroup3', 'candidate', null, '290013', null, null);
INSERT INTO `act_ru_identitylink` VALUES ('292519', '1', 'candidateGroup4', 'candidate', null, '292518', null, null);
INSERT INTO `act_ru_identitylink` VALUES ('295014', '1', 'candidateGroup3', 'candidate', null, '295013', null, null);
INSERT INTO `act_ru_identitylink` VALUES ('297514', '1', 'candidateGroup3', 'candidate', null, '297513', null, null);
INSERT INTO `act_ru_identitylink` VALUES ('300014', '1', 'candidateGroup3', 'candidate', null, '300013', null, null);

-- ----------------------------
-- Table structure for act_ru_job
-- ----------------------------
DROP TABLE IF EXISTS `act_ru_job`;
CREATE TABLE `act_ru_job` (
  `ID_` varchar(64) COLLATE utf8_bin NOT NULL,
  `REV_` int(11) DEFAULT NULL,
  `TYPE_` varchar(255) COLLATE utf8_bin NOT NULL,
  `LOCK_EXP_TIME_` timestamp(3) NULL DEFAULT NULL,
  `LOCK_OWNER_` varchar(255) COLLATE utf8_bin DEFAULT NULL,
  `EXCLUSIVE_` tinyint(1) DEFAULT NULL,
  `EXECUTION_ID_` varchar(64) COLLATE utf8_bin DEFAULT NULL,
  `PROCESS_INSTANCE_ID_` varchar(64) COLLATE utf8_bin DEFAULT NULL,
  `PROC_DEF_ID_` varchar(64) COLLATE utf8_bin DEFAULT NULL,
  `RETRIES_` int(11) DEFAULT NULL,
  `EXCEPTION_STACK_ID_` varchar(64) COLLATE utf8_bin DEFAULT NULL,
  `EXCEPTION_MSG_` varchar(4000) COLLATE utf8_bin DEFAULT NULL,
  `DUEDATE_` timestamp(3) NULL DEFAULT NULL,
  `REPEAT_` varchar(255) COLLATE utf8_bin DEFAULT NULL,
  `HANDLER_TYPE_` varchar(255) COLLATE utf8_bin DEFAULT NULL,
  `HANDLER_CFG_` varchar(4000) COLLATE utf8_bin DEFAULT NULL,
  `TENANT_ID_` varchar(255) COLLATE utf8_bin DEFAULT '',
  PRIMARY KEY (`ID_`),
  KEY `ACT_FK_JOB_EXECUTION` (`EXECUTION_ID_`),
  KEY `ACT_FK_JOB_PROCESS_INSTANCE` (`PROCESS_INSTANCE_ID_`),
  KEY `ACT_FK_JOB_PROC_DEF` (`PROC_DEF_ID_`),
  KEY `ACT_FK_JOB_EXCEPTION` (`EXCEPTION_STACK_ID_`),
  CONSTRAINT `ACT_FK_JOB_EXCEPTION` FOREIGN KEY (`EXCEPTION_STACK_ID_`) REFERENCES `act_ge_bytearray` (`ID_`),
  CONSTRAINT `ACT_FK_JOB_EXECUTION` FOREIGN KEY (`EXECUTION_ID_`) REFERENCES `act_ru_execution` (`ID_`),
  CONSTRAINT `ACT_FK_JOB_PROCESS_INSTANCE` FOREIGN KEY (`PROCESS_INSTANCE_ID_`) REFERENCES `act_ru_execution` (`ID_`),
  CONSTRAINT `ACT_FK_JOB_PROC_DEF` FOREIGN KEY (`PROC_DEF_ID_`) REFERENCES `act_re_procdef` (`ID_`)
) ENGINE=InnoDB DEFAULT CHARSET=utf8 COLLATE=utf8_bin;

-- ----------------------------
-- Records of act_ru_job
-- ----------------------------

-- ----------------------------
-- Table structure for act_ru_suspended_job
-- ----------------------------
DROP TABLE IF EXISTS `act_ru_suspended_job`;
CREATE TABLE `act_ru_suspended_job` (
  `ID_` varchar(64) COLLATE utf8_bin NOT NULL,
  `REV_` int(11) DEFAULT NULL,
  `TYPE_` varchar(255) COLLATE utf8_bin NOT NULL,
  `EXCLUSIVE_` tinyint(1) DEFAULT NULL,
  `EXECUTION_ID_` varchar(64) COLLATE utf8_bin DEFAULT NULL,
  `PROCESS_INSTANCE_ID_` varchar(64) COLLATE utf8_bin DEFAULT NULL,
  `PROC_DEF_ID_` varchar(64) COLLATE utf8_bin DEFAULT NULL,
  `RETRIES_` int(11) DEFAULT NULL,
  `EXCEPTION_STACK_ID_` varchar(64) COLLATE utf8_bin DEFAULT NULL,
  `EXCEPTION_MSG_` varchar(4000) COLLATE utf8_bin DEFAULT NULL,
  `DUEDATE_` timestamp(3) NULL DEFAULT NULL,
  `REPEAT_` varchar(255) COLLATE utf8_bin DEFAULT NULL,
  `HANDLER_TYPE_` varchar(255) COLLATE utf8_bin DEFAULT NULL,
  `HANDLER_CFG_` varchar(4000) COLLATE utf8_bin DEFAULT NULL,
  `TENANT_ID_` varchar(255) COLLATE utf8_bin DEFAULT '',
  PRIMARY KEY (`ID_`),
  KEY `ACT_FK_SUSPENDED_JOB_EXECUTION` (`EXECUTION_ID_`),
  KEY `ACT_FK_SUSPENDED_JOB_PROCESS_INSTANCE` (`PROCESS_INSTANCE_ID_`),
  KEY `ACT_FK_SUSPENDED_JOB_PROC_DEF` (`PROC_DEF_ID_`),
  KEY `ACT_FK_SUSPENDED_JOB_EXCEPTION` (`EXCEPTION_STACK_ID_`),
  CONSTRAINT `ACT_FK_SUSPENDED_JOB_EXCEPTION` FOREIGN KEY (`EXCEPTION_STACK_ID_`) REFERENCES `act_ge_bytearray` (`ID_`),
  CONSTRAINT `ACT_FK_SUSPENDED_JOB_EXECUTION` FOREIGN KEY (`EXECUTION_ID_`) REFERENCES `act_ru_execution` (`ID_`),
  CONSTRAINT `ACT_FK_SUSPENDED_JOB_PROCESS_INSTANCE` FOREIGN KEY (`PROCESS_INSTANCE_ID_`) REFERENCES `act_ru_execution` (`ID_`),
  CONSTRAINT `ACT_FK_SUSPENDED_JOB_PROC_DEF` FOREIGN KEY (`PROC_DEF_ID_`) REFERENCES `act_re_procdef` (`ID_`)
) ENGINE=InnoDB DEFAULT CHARSET=utf8 COLLATE=utf8_bin;

-- ----------------------------
-- Records of act_ru_suspended_job
-- ----------------------------

-- ----------------------------
-- Table structure for act_ru_task
-- ----------------------------
DROP TABLE IF EXISTS `act_ru_task`;
CREATE TABLE `act_ru_task` (
  `ID_` varchar(64) COLLATE utf8_bin NOT NULL,
  `REV_` int(11) DEFAULT NULL,
  `EXECUTION_ID_` varchar(64) COLLATE utf8_bin DEFAULT NULL,
  `PROC_INST_ID_` varchar(64) COLLATE utf8_bin DEFAULT NULL,
  `PROC_DEF_ID_` varchar(64) COLLATE utf8_bin DEFAULT NULL,
  `NAME_` varchar(255) COLLATE utf8_bin DEFAULT NULL,
  `PARENT_TASK_ID_` varchar(64) COLLATE utf8_bin DEFAULT NULL,
  `DESCRIPTION_` varchar(4000) COLLATE utf8_bin DEFAULT NULL,
  `TASK_DEF_KEY_` varchar(255) COLLATE utf8_bin DEFAULT NULL,
  `OWNER_` varchar(255) COLLATE utf8_bin DEFAULT NULL,
  `ASSIGNEE_` varchar(255) COLLATE utf8_bin DEFAULT NULL,
  `DELEGATION_` varchar(64) COLLATE utf8_bin DEFAULT NULL,
  `PRIORITY_` int(11) DEFAULT NULL,
  `CREATE_TIME_` timestamp(3) NULL DEFAULT NULL,
  `DUE_DATE_` datetime(3) DEFAULT NULL,
  `CATEGORY_` varchar(255) COLLATE utf8_bin DEFAULT NULL,
  `SUSPENSION_STATE_` int(11) DEFAULT NULL,
  `TENANT_ID_` varchar(255) COLLATE utf8_bin DEFAULT '',
  `FORM_KEY_` varchar(255) COLLATE utf8_bin DEFAULT NULL,
  `CLAIM_TIME_` datetime(3) DEFAULT NULL,
  PRIMARY KEY (`ID_`),
  KEY `ACT_IDX_TASK_CREATE` (`CREATE_TIME_`),
  KEY `ACT_FK_TASK_EXE` (`EXECUTION_ID_`),
  KEY `ACT_FK_TASK_PROCINST` (`PROC_INST_ID_`),
  KEY `ACT_FK_TASK_PROCDEF` (`PROC_DEF_ID_`),
  CONSTRAINT `ACT_FK_TASK_EXE` FOREIGN KEY (`EXECUTION_ID_`) REFERENCES `act_ru_execution` (`ID_`),
  CONSTRAINT `ACT_FK_TASK_PROCDEF` FOREIGN KEY (`PROC_DEF_ID_`) REFERENCES `act_re_procdef` (`ID_`),
  CONSTRAINT `ACT_FK_TASK_PROCINST` FOREIGN KEY (`PROC_INST_ID_`) REFERENCES `act_ru_execution` (`ID_`)
) ENGINE=InnoDB DEFAULT CHARSET=utf8 COLLATE=utf8_bin;

-- ----------------------------
-- Records of act_ru_task
-- ----------------------------
INSERT INTO `act_ru_task` VALUES ('280009', '1', '280006', '280005', 'process021:1:280004', '员工申请', null, null, 'task1', null, null, null, '50', '2019-08-23 15:04:36.260', null, null, '1', '', null, null);
INSERT INTO `act_ru_task` VALUES ('282513', '1', '282502', '282501', 'process021:1:280004', '总经理审批', null, null, 'task3', null, null, null, '50', '2019-08-23 15:06:19.054', null, null, '1', '', null, null);
INSERT INTO `act_ru_task` VALUES ('285013', '1', '285002', '285001', 'process021:1:280004', '总经理审批', null, null, 'task3', null, null, null, '50', '2019-08-23 15:13:16.833', null, null, '1', '', null, null);
INSERT INTO `act_ru_task` VALUES ('287513', '1', '287502', '287501', 'process021:1:280004', '总经理审批', null, null, 'task3', null, null, null, '50', '2019-08-23 15:16:28.758', null, null, '1', '', null, null);
INSERT INTO `act_ru_task` VALUES ('290013', '1', '290002', '290001', 'process021:1:280004', '总经理审批', null, null, 'task3', null, null, null, '50', '2019-08-23 15:18:15.611', null, null, '1', '', null, null);
INSERT INTO `act_ru_task` VALUES ('292518', '1', '292502', '292501', 'process021:1:280004', '修改申请', null, null, 'task4', null, null, null, '50', '2019-08-23 15:19:49.047', null, null, '1', '', null, null);
INSERT INTO `act_ru_task` VALUES ('295013', '1', '295002', '295001', 'process021:1:280004', '总经理审批', null, null, 'task3', null, null, null, '50', '2019-08-23 15:30:53.089', null, null, '1', '', null, null);
INSERT INTO `act_ru_task` VALUES ('297513', '1', '297502', '297501', 'process021:1:280004', '总经理审批', null, null, 'task3', null, null, null, '50', '2019-08-23 15:31:57.941', null, null, '1', '', null, null);
INSERT INTO `act_ru_task` VALUES ('300013', '1', '300002', '300001', 'process021:1:280004', '总经理审批', null, null, 'task3', null, null, null, '50', '2019-08-23 15:39:23.452', null, null, '1', '', null, null);

-- ----------------------------
-- Table structure for act_ru_timer_job
-- ----------------------------
DROP TABLE IF EXISTS `act_ru_timer_job`;
CREATE TABLE `act_ru_timer_job` (
  `ID_` varchar(64) COLLATE utf8_bin NOT NULL,
  `REV_` int(11) DEFAULT NULL,
  `TYPE_` varchar(255) COLLATE utf8_bin NOT NULL,
  `LOCK_EXP_TIME_` timestamp(3) NULL DEFAULT NULL,
  `LOCK_OWNER_` varchar(255) COLLATE utf8_bin DEFAULT NULL,
  `EXCLUSIVE_` tinyint(1) DEFAULT NULL,
  `EXECUTION_ID_` varchar(64) COLLATE utf8_bin DEFAULT NULL,
  `PROCESS_INSTANCE_ID_` varchar(64) COLLATE utf8_bin DEFAULT NULL,
  `PROC_DEF_ID_` varchar(64) COLLATE utf8_bin DEFAULT NULL,
  `RETRIES_` int(11) DEFAULT NULL,
  `EXCEPTION_STACK_ID_` varchar(64) COLLATE utf8_bin DEFAULT NULL,
  `EXCEPTION_MSG_` varchar(4000) COLLATE utf8_bin DEFAULT NULL,
  `DUEDATE_` timestamp(3) NULL DEFAULT NULL,
  `REPEAT_` varchar(255) COLLATE utf8_bin DEFAULT NULL,
  `HANDLER_TYPE_` varchar(255) COLLATE utf8_bin DEFAULT NULL,
  `HANDLER_CFG_` varchar(4000) COLLATE utf8_bin DEFAULT NULL,
  `TENANT_ID_` varchar(255) COLLATE utf8_bin DEFAULT '',
  PRIMARY KEY (`ID_`),
  KEY `ACT_FK_TIMER_JOB_EXECUTION` (`EXECUTION_ID_`),
  KEY `ACT_FK_TIMER_JOB_PROCESS_INSTANCE` (`PROCESS_INSTANCE_ID_`),
  KEY `ACT_FK_TIMER_JOB_PROC_DEF` (`PROC_DEF_ID_`),
  KEY `ACT_FK_TIMER_JOB_EXCEPTION` (`EXCEPTION_STACK_ID_`),
  CONSTRAINT `ACT_FK_TIMER_JOB_EXCEPTION` FOREIGN KEY (`EXCEPTION_STACK_ID_`) REFERENCES `act_ge_bytearray` (`ID_`),
  CONSTRAINT `ACT_FK_TIMER_JOB_EXECUTION` FOREIGN KEY (`EXECUTION_ID_`) REFERENCES `act_ru_execution` (`ID_`),
  CONSTRAINT `ACT_FK_TIMER_JOB_PROCESS_INSTANCE` FOREIGN KEY (`PROCESS_INSTANCE_ID_`) REFERENCES `act_ru_execution` (`ID_`),
  CONSTRAINT `ACT_FK_TIMER_JOB_PROC_DEF` FOREIGN KEY (`PROC_DEF_ID_`) REFERENCES `act_re_procdef` (`ID_`)
) ENGINE=InnoDB DEFAULT CHARSET=utf8 COLLATE=utf8_bin;

-- ----------------------------
-- Records of act_ru_timer_job
-- ----------------------------

-- ----------------------------
-- Table structure for act_ru_variable
-- ----------------------------
DROP TABLE IF EXISTS `act_ru_variable`;
CREATE TABLE `act_ru_variable` (
  `ID_` varchar(64) COLLATE utf8_bin NOT NULL,
  `REV_` int(11) DEFAULT NULL,
  `TYPE_` varchar(255) COLLATE utf8_bin NOT NULL,
  `NAME_` varchar(255) COLLATE utf8_bin NOT NULL,
  `EXECUTION_ID_` varchar(64) COLLATE utf8_bin DEFAULT NULL,
  `PROC_INST_ID_` varchar(64) COLLATE utf8_bin DEFAULT NULL,
  `TASK_ID_` varchar(64) COLLATE utf8_bin DEFAULT NULL,
  `BYTEARRAY_ID_` varchar(64) COLLATE utf8_bin DEFAULT NULL,
  `DOUBLE_` double DEFAULT NULL,
  `LONG_` bigint(20) DEFAULT NULL,
  `TEXT_` varchar(4000) COLLATE utf8_bin DEFAULT NULL,
  `TEXT2_` varchar(4000) COLLATE utf8_bin DEFAULT NULL,
  PRIMARY KEY (`ID_`),
  KEY `ACT_IDX_VARIABLE_TASK_ID` (`TASK_ID_`),
  KEY `ACT_FK_VAR_EXE` (`EXECUTION_ID_`),
  KEY `ACT_FK_VAR_PROCINST` (`PROC_INST_ID_`),
  KEY `ACT_FK_VAR_BYTEARRAY` (`BYTEARRAY_ID_`),
  CONSTRAINT `ACT_FK_VAR_BYTEARRAY` FOREIGN KEY (`BYTEARRAY_ID_`) REFERENCES `act_ge_bytearray` (`ID_`),
  CONSTRAINT `ACT_FK_VAR_EXE` FOREIGN KEY (`EXECUTION_ID_`) REFERENCES `act_ru_execution` (`ID_`),
  CONSTRAINT `ACT_FK_VAR_PROCINST` FOREIGN KEY (`PROC_INST_ID_`) REFERENCES `act_ru_execution` (`ID_`)
) ENGINE=InnoDB DEFAULT CHARSET=utf8 COLLATE=utf8_bin;

-- ----------------------------
-- Records of act_ru_variable
-- ----------------------------
INSERT INTO `act_ru_variable` VALUES ('282507', '1', 'string', 'apply', '282501', '282501', null, null, null, null, 'zhangsan', null);
INSERT INTO `act_ru_variable` VALUES ('282508', '1', 'string', 'approve', '282501', '282501', null, null, null, null, 'lisi', null);
INSERT INTO `act_ru_variable` VALUES ('285007', '1', 'string', 'apply', '285001', '285001', null, null, null, null, 'zhangsan', null);
INSERT INTO `act_ru_variable` VALUES ('285008', '1', 'string', 'approve', '285001', '285001', null, null, null, null, 'lisi', null);
INSERT INTO `act_ru_variable` VALUES ('287507', '1', 'string', 'apply', '287501', '287501', null, null, null, null, 'zhangsan', null);
INSERT INTO `act_ru_variable` VALUES ('287508', '1', 'string', 'approve', '287501', '287501', null, null, null, null, 'lisi', null);
INSERT INTO `act_ru_variable` VALUES ('290007', '1', 'string', 'apply', '290001', '290001', null, null, null, null, 'zhangsan', null);
INSERT INTO `act_ru_variable` VALUES ('290008', '1', 'string', 'approve', '290001', '290001', null, null, null, null, 'lisi', null);
INSERT INTO `act_ru_variable` VALUES ('292507', '1', 'string', 'apply', '292501', '292501', null, null, null, null, 'zhangsan', null);
INSERT INTO `act_ru_variable` VALUES ('292508', '1', 'string', 'approve', '292501', '292501', null, null, null, null, 'lisi', null);
INSERT INTO `act_ru_variable` VALUES ('292515', '1', 'string', 'pass', '292501', '292501', null, null, null, null, '2', null);
INSERT INTO `act_ru_variable` VALUES ('295007', '1', 'string', 'apply', '295001', '295001', null, null, null, null, 'zhangsan', null);
INSERT INTO `act_ru_variable` VALUES ('295008', '1', 'string', 'approve', '295001', '295001', null, null, null, null, 'lisi', null);
INSERT INTO `act_ru_variable` VALUES ('297507', '1', 'string', 'apply', '297501', '297501', null, null, null, null, 'zhangsan', null);
INSERT INTO `act_ru_variable` VALUES ('297508', '1', 'string', 'approve', '297501', '297501', null, null, null, null, 'lisi', null);
INSERT INTO `act_ru_variable` VALUES ('300007', '1', 'string', 'apply', '300001', '300001', null, null, null, null, 'zhangsan', null);
INSERT INTO `act_ru_variable` VALUES ('300008', '1', 'string', 'approve', '300001', '300001', null, null, null, null, 'lisi', null);

-- ----------------------------
-- Table structure for clientdetails
-- ----------------------------
DROP TABLE IF EXISTS `clientdetails`;
CREATE TABLE `clientdetails` (
  `appId` varchar(128) NOT NULL,
  `resourceIds` varchar(256) DEFAULT NULL,
  `appSecret` varchar(256) DEFAULT NULL,
  `scope` varchar(256) DEFAULT NULL,
  `grantTypes` varchar(256) DEFAULT NULL,
  `redirectUrl` varchar(256) DEFAULT NULL,
  `authorities` varchar(256) DEFAULT NULL,
  `access_token_validity` int(11) DEFAULT NULL,
  `refresh_token_validity` int(11) DEFAULT NULL,
  `additionalInformation` varchar(4096) DEFAULT NULL,
  `autoApproveScopes` varchar(256) DEFAULT NULL,
  PRIMARY KEY (`appId`)
) ENGINE=InnoDB DEFAULT CHARSET=utf8;

-- ----------------------------
-- Records of clientdetails
-- ----------------------------

-- ----------------------------
-- Table structure for cms_file
-- ----------------------------
DROP TABLE IF EXISTS `cms_file`;
CREATE TABLE `cms_file` (
  `id` bigint(20) NOT NULL AUTO_INCREMENT,
  `type` int(11) DEFAULT NULL COMMENT '文件类型',
  `url` varchar(200) DEFAULT NULL COMMENT 'URL地址',
  `create_date` datetime DEFAULT NULL COMMENT '创建时间',
  PRIMARY KEY (`id`)
) ENGINE=InnoDB AUTO_INCREMENT=147 DEFAULT CHARSET=utf8 COMMENT='文件上传';

-- ----------------------------
-- Records of cms_file
-- ----------------------------
INSERT INTO `cms_file` VALUES ('144', '1', 'http://localhost:8004/files/11/20/9fb01430-28e6-4a18-90ec-3e784ba23a6a', '2018-05-25 15:20:04');
INSERT INTO `cms_file` VALUES ('145', '1', 'http://localhost:8004/files/45/44/26f1385f-c227-482a-84ad-4d97ee25ef0d', '2018-05-25 15:20:29');
INSERT INTO `cms_file` VALUES ('146', '1', 'http://localhost:8004/files/99/45/c8ea7174-1ebb-4c7c-864d-8a1defa57ff8', '2018-05-25 15:21:16');

-- ----------------------------
-- Table structure for oauth_access_token
-- ----------------------------
DROP TABLE IF EXISTS `oauth_access_token`;
CREATE TABLE `oauth_access_token` (
  `token_id` varchar(256) DEFAULT NULL,
  `token` blob,
  `authentication_id` varchar(128) NOT NULL,
  `user_name` varchar(256) DEFAULT NULL,
  `client_id` varchar(256) DEFAULT NULL,
  `authentication` blob,
  `refresh_token` varchar(256) DEFAULT NULL,
  PRIMARY KEY (`authentication_id`)
) ENGINE=InnoDB DEFAULT CHARSET=utf8;

-- ----------------------------
-- Records of oauth_access_token
-- ----------------------------
INSERT INTO `oauth_access_token` VALUES ('b489090eac2223d8a8fccfaf8f2ae545', 0xACED0005737200436F72672E737072696E676672616D65776F726B2E73656375726974792E6F61757468322E636F6D6D6F6E2E44656661756C744F4175746832416363657373546F6B656E0CB29E361B24FACE0200064C00156164646974696F6E616C496E666F726D6174696F6E74000F4C6A6176612F7574696C2F4D61703B4C000A65787069726174696F6E7400104C6A6176612F7574696C2F446174653B4C000C72656672657368546F6B656E74003F4C6F72672F737072696E676672616D65776F726B2F73656375726974792F6F61757468322F636F6D6D6F6E2F4F417574683252656672657368546F6B656E3B4C000573636F706574000F4C6A6176612F7574696C2F5365743B4C0009746F6B656E547970657400124C6A6176612F6C616E672F537472696E673B4C000576616C756571007E000578707372001E6A6176612E7574696C2E436F6C6C656374696F6E7324456D7074794D6170593614855ADCE7D002000078707372000E6A6176612E7574696C2E44617465686A81014B597419030000787077080000016C92438D74787372004C6F72672E737072696E676672616D65776F726B2E73656375726974792E6F61757468322E636F6D6D6F6E2E44656661756C744578706972696E674F417574683252656672657368546F6B656E2FDF47639DD0C9B70200014C000A65787069726174696F6E71007E0002787200446F72672E737072696E676672616D65776F726B2E73656375726974792E6F61757468322E636F6D6D6F6E2E44656661756C744F417574683252656672657368546F6B656E73E10E0A6354D45E0200014C000576616C756571007E0005787074002434313431386265352D386435322D343038372D623064352D3964306531316631393537617371007E000977080000016D2A2F277178737200256A6176612E7574696C2E436F6C6C656374696F6E7324556E6D6F6469666961626C65536574801D92D18F9B80550200007872002C6A6176612E7574696C2E436F6C6C656374696F6E7324556E6D6F6469666961626C65436F6C6C656374696F6E19420080CB5EF71E0200014C0001637400164C6A6176612F7574696C2F436F6C6C656374696F6E3B7870737200176A6176612E7574696C2E4C696E6B656448617368536574D86CD75A95DD2A1E020000787200116A6176612E7574696C2E48617368536574BA44859596B8B7340300007870770C000000023F400000000000017400036170707874000662656172657274002462306236356539632D346361302D343430302D616162632D666636376334623530646138, '81c50035451f27136559639036eb3800', 'test124', 'app', 0xACED0005737200416F72672E737072696E676672616D65776F726B2E73656375726974792E6F61757468322E70726F76696465722E4F417574683241757468656E7469636174696F6EBD400B02166252130200024C000D73746F7265645265717565737474003C4C6F72672F737072696E676672616D65776F726B2F73656375726974792F6F61757468322F70726F76696465722F4F4175746832526571756573743B4C00127573657241757468656E7469636174696F6E7400324C6F72672F737072696E676672616D65776F726B2F73656375726974792F636F72652F41757468656E7469636174696F6E3B787200476F72672E737072696E676672616D65776F726B2E73656375726974792E61757468656E7469636174696F6E2E416273747261637441757468656E7469636174696F6E546F6B656ED3AA287E6E47640E0200035A000D61757468656E746963617465644C000B617574686F7269746965737400164C6A6176612F7574696C2F436F6C6C656374696F6E3B4C000764657461696C737400124C6A6176612F6C616E672F4F626A6563743B787000737200266A6176612E7574696C2E436F6C6C656374696F6E7324556E6D6F6469666961626C654C697374FC0F2531B5EC8E100200014C00046C6973747400104C6A6176612F7574696C2F4C6973743B7872002C6A6176612E7574696C2E436F6C6C656374696F6E7324556E6D6F6469666961626C65436F6C6C656374696F6E19420080CB5EF71E0200014C00016371007E00047870737200136A6176612E7574696C2E41727261794C6973747881D21D99C7619D03000149000473697A65787000000014770400000014737200426F72672E737072696E676672616D65776F726B2E73656375726974792E636F72652E617574686F726974792E53696D706C654772616E746564417574686F7269747900000000000001F40200014C0004726F6C657400124C6A6176612F6C616E672F537472696E673B787074000E61646D696E3A6D656E753A6164647371007E000D74001661646D696E3A6D656E753A626174636852656D6F76657371007E000D74000F61646D696E3A6D656E753A656469747371007E000D74000F61646D696E3A6D656E753A6C6973747371007E000D74000F61646D696E3A6D656E753A6D656E757371007E000D74001161646D696E3A6D656E753A72656D6F76657371007E000D74000E61646D696E3A726F6C653A6164647371007E000D74001661646D696E3A726F6C653A626174636852656D6F76657371007E000D74000F61646D696E3A726F6C653A656469747371007E000D74001161646D696E3A726F6C653A72656D6F76657371007E000D74000F61646D696E3A726F6C653A726F6C657371007E000D74000E61646D696E3A757365723A6164647371007E000D74001661646D696E3A757365723A626174636852656D6F76657371007E000D74001261646D696E3A757365723A64697361626C657371007E000D74000F61646D696E3A757365723A656469747371007E000D74001161646D696E3A757365723A72656D6F76657371007E000D74001361646D696E3A757365723A72657365745077647371007E000D74000F61646D696E3A757365723A757365727371007E000D74000B636D733A636F6E74656E747371007E000D740008636D733A66696C657871007E000C707372003A6F72672E737072696E676672616D65776F726B2E73656375726974792E6F61757468322E70726F76696465722E4F41757468325265717565737400000000000000010200075A0008617070726F7665644C000B617574686F72697469657371007E00044C000A657874656E73696F6E7374000F4C6A6176612F7574696C2F4D61703B4C000B726564697265637455726971007E000E4C00077265667265736874003B4C6F72672F737072696E676672616D65776F726B2F73656375726974792F6F61757468322F70726F76696465722F546F6B656E526571756573743B4C000B7265736F7572636549647374000F4C6A6176612F7574696C2F5365743B4C000D726573706F6E7365547970657371007E003A787200386F72672E737072696E676672616D65776F726B2E73656375726974792E6F61757468322E70726F76696465722E426173655265717565737436287A3EA37169BD0200034C0008636C69656E74496471007E000E4C001172657175657374506172616D657465727371007E00384C000573636F706571007E003A7870740003617070737200256A6176612E7574696C2E436F6C6C656374696F6E7324556E6D6F6469666961626C654D6170F1A5A8FE74F507420200014C00016D71007E00387870737200116A6176612E7574696C2E486173684D61700507DAC1C31660D103000246000A6C6F6164466163746F724900097468726573686F6C6478703F400000000000067708000000080000000374000A6772616E745F7479706574000870617373776F7264740009636C69656E745F6964740003617070740008757365726E616D657400077465737431323478737200256A6176612E7574696C2E436F6C6C656374696F6E7324556E6D6F6469666961626C65536574801D92D18F9B80550200007871007E0009737200176A6176612E7574696C2E4C696E6B656448617368536574D86CD75A95DD2A1E020000787200116A6176612E7574696C2E48617368536574BA44859596B8B7340300007870770C000000103F4000000000000171007E003D78017371007E004B770C000000103F40000000000000787371007E00403F40000000000000770800000010000000007870707371007E004B770C000000103F40000000000000787371007E004B770C000000103F40000000000000787372004F6F72672E737072696E676672616D65776F726B2E73656375726974792E61757468656E7469636174696F6E2E557365726E616D6550617373776F726441757468656E7469636174696F6E546F6B656E00000000000001F40200024C000B63726564656E7469616C7371007E00054C00097072696E636970616C71007E00057871007E0003017371007E00077371007E000B0000001477040000001471007E000F71007E001171007E001371007E001571007E001771007E001971007E001B71007E001D71007E001F71007E002171007E002371007E002571007E002771007E002971007E002B71007E002D71007E002F71007E003171007E003371007E00357871007E0054737200176A6176612E7574696C2E4C696E6B6564486173684D617034C04E5C106CC0FB0200015A000B6163636573734F726465727871007E00403F400000000000067708000000080000000474000D636C69656E745F73656372657474000631323334353671007E004271007E004371007E004471007E004571007E004671007E00477800707372002B636F6D2E626F6F74646F2E636C6F7564646F61646D696E2E736563756974792E43757272656E7455736572FA08FA21BD5406A90200024C000269647400104C6A6176612F6C616E672F4C6F6E673B4C00046E616D6571007E000E787200326F72672E737072696E676672616D65776F726B2E73656375726974792E636F72652E7573657264657461696C732E5573657200000000000001F40200075A00116163636F756E744E6F6E457870697265645A00106163636F756E744E6F6E4C6F636B65645A001563726564656E7469616C734E6F6E457870697265645A0007656E61626C65644C000B617574686F72697469657371007E003A4C000870617373776F726471007E000E4C0008757365726E616D6571007E000E7870010101017371007E0048737200116A6176612E7574696C2E54726565536574DD98509395ED875B0300007870737200466F72672E737072696E676672616D65776F726B2E73656375726974792E636F72652E7573657264657461696C732E5573657224417574686F72697479436F6D70617261746F7200000000000001F4020000787077040000001471007E000F71007E001171007E001371007E001571007E001771007E001971007E001B71007E001D71007E001F71007E002171007E002371007E002571007E002771007E002971007E002B71007E002D71007E002F71007E003171007E003371007E0035787071007E00477372000E6A6176612E6C616E672E4C6F6E673B8BE490CC8F23DF0200014A000576616C7565787200106A6176612E6C616E672E4E756D62657286AC951D0B94E08B0200007870000000000000009F74000774657374313234, '3375ba85635514eab34a0d82022744b2');
INSERT INTO `oauth_access_token` VALUES ('2003961926cdae7fb7428fd436490571', 0xACED0005737200436F72672E737072696E676672616D65776F726B2E73656375726974792E6F61757468322E636F6D6D6F6E2E44656661756C744F4175746832416363657373546F6B656E0CB29E361B24FACE0200064C00156164646974696F6E616C496E666F726D6174696F6E74000F4C6A6176612F7574696C2F4D61703B4C000A65787069726174696F6E7400104C6A6176612F7574696C2F446174653B4C000C72656672657368546F6B656E74003F4C6F72672F737072696E676672616D65776F726B2F73656375726974792F6F61757468322F636F6D6D6F6E2F4F417574683252656672657368546F6B656E3B4C000573636F706574000F4C6A6176612F7574696C2F5365743B4C0009746F6B656E547970657400124C6A6176612F6C616E672F537472696E673B4C000576616C756571007E000578707372001E6A6176612E7574696C2E436F6C6C656374696F6E7324456D7074794D6170593614855ADCE7D002000078707372000E6A6176612E7574696C2E44617465686A81014B597419030000787077080000016CFC63BB35787372004C6F72672E737072696E676672616D65776F726B2E73656375726974792E6F61757468322E636F6D6D6F6E2E44656661756C744578706972696E674F417574683252656672657368546F6B656E2FDF47639DD0C9B70200014C000A65787069726174696F6E71007E0002787200446F72672E737072696E676672616D65776F726B2E73656375726974792E6F61757468322E636F6D6D6F6E2E44656661756C744F417574683252656672657368546F6B656E73E10E0A6354D45E0200014C000576616C756571007E0005787074002463323134363262612D336438622D346665352D396235352D3832666130653031666130327371007E000977080000016D8A61B4C078737200256A6176612E7574696C2E436F6C6C656374696F6E7324556E6D6F6469666961626C65536574801D92D18F9B80550200007872002C6A6176612E7574696C2E436F6C6C656374696F6E7324556E6D6F6469666961626C65436F6C6C656374696F6E19420080CB5EF71E0200014C0001637400164C6A6176612F7574696C2F436F6C6C656374696F6E3B7870737200176A6176612E7574696C2E4C696E6B656448617368536574D86CD75A95DD2A1E020000787200116A6176612E7574696C2E48617368536574BA44859596B8B7340300007870770C000000023F400000000000017400036170707874000662656172657274002439323062646566342D646164662D346330322D616530322D646638383534383365663639, 'b9cdd625a781099755dfb47c3de1e150', 'admin', 'app', 0xACED0005737200416F72672E737072696E676672616D65776F726B2E73656375726974792E6F61757468322E70726F76696465722E4F417574683241757468656E7469636174696F6EBD400B02166252130200024C000D73746F7265645265717565737474003C4C6F72672F737072696E676672616D65776F726B2F73656375726974792F6F61757468322F70726F76696465722F4F4175746832526571756573743B4C00127573657241757468656E7469636174696F6E7400324C6F72672F737072696E676672616D65776F726B2F73656375726974792F636F72652F41757468656E7469636174696F6E3B787200476F72672E737072696E676672616D65776F726B2E73656375726974792E61757468656E7469636174696F6E2E416273747261637441757468656E7469636174696F6E546F6B656ED3AA287E6E47640E0200035A000D61757468656E746963617465644C000B617574686F7269746965737400164C6A6176612F7574696C2F436F6C6C656374696F6E3B4C000764657461696C737400124C6A6176612F6C616E672F4F626A6563743B787000737200266A6176612E7574696C2E436F6C6C656374696F6E7324556E6D6F6469666961626C654C697374FC0F2531B5EC8E100200014C00046C6973747400104C6A6176612F7574696C2F4C6973743B7872002C6A6176612E7574696C2E436F6C6C656374696F6E7324556E6D6F6469666961626C65436F6C6C656374696F6E19420080CB5EF71E0200014C00016371007E00047870737200136A6176612E7574696C2E41727261794C6973747881D21D99C7619D03000149000473697A65787000000018770400000018737200426F72672E737072696E676672616D65776F726B2E73656375726974792E636F72652E617574686F726974792E53696D706C654772616E746564417574686F7269747900000000000001F40200014C0004726F6C657400124C6A6176612F6C616E672F537472696E673B787074000B2F61646D696E2F6D656E757371007E000D74000D2F6D656E752F6164644D656E757371007E000D7400112F6D656E752F626174636852656D6F76657371007E000D7400102F6D656E752F64656C6574654D656E757371007E000D74000E2F6D656E752F656469744D656E757371007E000D74000D2F6D656E752F6765744D656E757371007E000D74000D2F726F6C652F616464526F6C657371007E000D7400112F726F6C652F626174636852656D6F76657371007E000D7400102F726F6C652F64656C657465526F6C657371007E000D74000E2F726F6C652F65646974526F6C657371007E000D74000D2F726F6C652F676574526F6C657371007E000D74000C2F726F6C652F7573657249647371007E000D74000D2F757365722F616464557365727371007E000D7400102F757365722F64656C657465557365727371007E000D74000E2F757365722F65646974557365727371007E000D74000D2F757365722F676574557365727371007E000D74000F61646D696E3A726F6C653A726F6C657371007E000D74001661646D696E3A757365723A626174636852656D6F76657371007E000D74001261646D696E3A757365723A64697361626C657371007E000D74001361646D696E3A757365723A72657365745077647371007E000D74000F61646D696E3A757365723A757365727371007E000D74000B636D733A636F6E74656E747371007E000D740008636D733A66696C657371007E000D7400086C6F673A736176657871007E000C707372003A6F72672E737072696E676672616D65776F726B2E73656375726974792E6F61757468322E70726F76696465722E4F41757468325265717565737400000000000000010200075A0008617070726F7665644C000B617574686F72697469657371007E00044C000A657874656E73696F6E7374000F4C6A6176612F7574696C2F4D61703B4C000B726564697265637455726971007E000E4C00077265667265736874003B4C6F72672F737072696E676672616D65776F726B2F73656375726974792F6F61757468322F70726F76696465722F546F6B656E526571756573743B4C000B7265736F7572636549647374000F4C6A6176612F7574696C2F5365743B4C000D726573706F6E7365547970657371007E0042787200386F72672E737072696E676672616D65776F726B2E73656375726974792E6F61757468322E70726F76696465722E426173655265717565737436287A3EA37169BD0200034C0008636C69656E74496471007E000E4C001172657175657374506172616D657465727371007E00404C000573636F706571007E00427870740003617070737200256A6176612E7574696C2E436F6C6C656374696F6E7324556E6D6F6469666961626C654D6170F1A5A8FE74F507420200014C00016D71007E00407870737200116A6176612E7574696C2E486173684D61700507DAC1C31660D103000246000A6C6F6164466163746F724900097468726573686F6C6478703F400000000000067708000000080000000374000A6772616E745F7479706574000870617373776F7264740009636C69656E745F6964740003617070740008757365726E616D6574000561646D696E78737200256A6176612E7574696C2E436F6C6C656374696F6E7324556E6D6F6469666961626C65536574801D92D18F9B80550200007871007E0009737200176A6176612E7574696C2E4C696E6B656448617368536574D86CD75A95DD2A1E020000787200116A6176612E7574696C2E48617368536574BA44859596B8B7340300007870770C000000103F4000000000000171007E004578017371007E0053770C000000103F40000000000000787371007E00483F40000000000000770800000010000000007870707371007E0053770C000000103F40000000000000787371007E0053770C000000103F40000000000000787372004F6F72672E737072696E676672616D65776F726B2E73656375726974792E61757468656E7469636174696F6E2E557365726E616D6550617373776F726441757468656E7469636174696F6E546F6B656E00000000000001F40200024C000B63726564656E7469616C7371007E00054C00097072696E636970616C71007E00057871007E0003017371007E00077371007E000B0000001877040000001871007E000F71007E001171007E001371007E001571007E001771007E001971007E001B71007E001D71007E001F71007E002171007E002371007E002571007E002771007E002971007E002B71007E002D71007E002F71007E003171007E003371007E003571007E003771007E003971007E003B71007E003D7871007E005C737200176A6176612E7574696C2E4C696E6B6564486173684D617034C04E5C106CC0FB0200015A000B6163636573734F726465727871007E00483F400000000000067708000000080000000474000D636C69656E745F73656372657474000631323334353671007E004A71007E004B71007E004C71007E004D71007E004E71007E004F7800707372002B636F6D2E626F6F74646F2E636C6F7564646F61646D696E2E736563756974792E43757272656E7455736572FA08FA21BD5406A90200024C000269647400104C6A6176612F6C616E672F4C6F6E673B4C00046E616D6571007E000E787200326F72672E737072696E676672616D65776F726B2E73656375726974792E636F72652E7573657264657461696C732E5573657200000000000001F40200075A00116163636F756E744E6F6E457870697265645A00106163636F756E744E6F6E4C6F636B65645A001563726564656E7469616C734E6F6E457870697265645A0007656E61626C65644C000B617574686F72697469657371007E00424C000870617373776F726471007E000E4C0008757365726E616D6571007E000E7870010101017371007E0050737200116A6176612E7574696C2E54726565536574DD98509395ED875B0300007870737200466F72672E737072696E676672616D65776F726B2E73656375726974792E636F72652E7573657264657461696C732E5573657224417574686F72697479436F6D70617261746F7200000000000001F4020000787077040000001871007E000F71007E001171007E001371007E001571007E001771007E001971007E001B71007E001D71007E001F71007E002171007E002371007E002571007E002771007E002971007E002B71007E002D71007E002F71007E003171007E003371007E003571007E003771007E003971007E003B71007E003D787071007E004F7372000E6A6176612E6C616E672E4C6F6E673B8BE490CC8F23DF0200014A000576616C7565787200106A6176612E6C616E672E4E756D62657286AC951D0B94E08B0200007870000000000000000174000FE8B685E7BAA7E7AEA1E79086E59198, 'd82f389755113aa7ff663bfa8c106e11');
INSERT INTO `oauth_access_token` VALUES ('ba97858bb0b585a32f1ed9155d7a75fe', 0xACED0005737200436F72672E737072696E676672616D65776F726B2E73656375726974792E6F61757468322E636F6D6D6F6E2E44656661756C744F4175746832416363657373546F6B656E0CB29E361B24FACE0200064C00156164646974696F6E616C496E666F726D6174696F6E74000F4C6A6176612F7574696C2F4D61703B4C000A65787069726174696F6E7400104C6A6176612F7574696C2F446174653B4C000C72656672657368546F6B656E74003F4C6F72672F737072696E676672616D65776F726B2F73656375726974792F6F61757468322F636F6D6D6F6E2F4F417574683252656672657368546F6B656E3B4C000573636F706574000F4C6A6176612F7574696C2F5365743B4C0009746F6B656E547970657400124C6A6176612F6C616E672F537472696E673B4C000576616C756571007E000578707372001E6A6176612E7574696C2E436F6C6C656374696F6E7324456D7074794D6170593614855ADCE7D002000078707372000E6A6176612E7574696C2E44617465686A81014B597419030000787077080000016CFCA99DFC787372004C6F72672E737072696E676672616D65776F726B2E73656375726974792E6F61757468322E636F6D6D6F6E2E44656661756C744578706972696E674F417574683252656672657368546F6B656E2FDF47639DD0C9B70200014C000A65787069726174696F6E71007E0002787200446F72672E737072696E676672616D65776F726B2E73656375726974792E6F61757468322E636F6D6D6F6E2E44656661756C744F417574683252656672657368546F6B656E73E10E0A6354D45E0200014C000576616C756571007E0005787074002437306638383435322D343432662D346364332D386130612D6336366630616538373734637371007E000977080000016D7164007278737200256A6176612E7574696C2E436F6C6C656374696F6E7324556E6D6F6469666961626C65536574801D92D18F9B80550200007872002C6A6176612E7574696C2E436F6C6C656374696F6E7324556E6D6F6469666961626C65436F6C6C656374696F6E19420080CB5EF71E0200014C0001637400164C6A6176612F7574696C2F436F6C6C656374696F6E3B7870737200176A6176612E7574696C2E4C696E6B656448617368536574D86CD75A95DD2A1E020000787200116A6176612E7574696C2E48617368536574BA44859596B8B7340300007870770C000000023F400000000000017400036170707874000662656172657274002433326665353962622D363938382D346166322D393262612D353132346539316331373965, 'd090bee4c8f4abc36d35bbc859f9f748', 'test126', 'app', 0xACED0005737200416F72672E737072696E676672616D65776F726B2E73656375726974792E6F61757468322E70726F76696465722E4F417574683241757468656E7469636174696F6EBD400B02166252130200024C000D73746F7265645265717565737474003C4C6F72672F737072696E676672616D65776F726B2F73656375726974792F6F61757468322F70726F76696465722F4F4175746832526571756573743B4C00127573657241757468656E7469636174696F6E7400324C6F72672F737072696E676672616D65776F726B2F73656375726974792F636F72652F41757468656E7469636174696F6E3B787200476F72672E737072696E676672616D65776F726B2E73656375726974792E61757468656E7469636174696F6E2E416273747261637441757468656E7469636174696F6E546F6B656ED3AA287E6E47640E0200035A000D61757468656E746963617465644C000B617574686F7269746965737400164C6A6176612F7574696C2F436F6C6C656374696F6E3B4C000764657461696C737400124C6A6176612F6C616E672F4F626A6563743B787000737200266A6176612E7574696C2E436F6C6C656374696F6E7324556E6D6F6469666961626C654C697374FC0F2531B5EC8E100200014C00046C6973747400104C6A6176612F7574696C2F4C6973743B7872002C6A6176612E7574696C2E436F6C6C656374696F6E7324556E6D6F6469666961626C65436F6C6C656374696F6E19420080CB5EF71E0200014C00016371007E00047870737200136A6176612E7574696C2E41727261794C6973747881D21D99C7619D03000149000473697A65787000000002770400000002737200426F72672E737072696E676672616D65776F726B2E73656375726974792E636F72652E617574686F726974792E53696D706C654772616E746564417574686F7269747900000000000001F40200014C0004726F6C657400124C6A6176612F6C616E672F537472696E673B787074000B636D733A636F6E74656E747371007E000D740008636D733A66696C657871007E000C707372003A6F72672E737072696E676672616D65776F726B2E73656375726974792E6F61757468322E70726F76696465722E4F41757468325265717565737400000000000000010200075A0008617070726F7665644C000B617574686F72697469657371007E00044C000A657874656E73696F6E7374000F4C6A6176612F7574696C2F4D61703B4C000B726564697265637455726971007E000E4C00077265667265736874003B4C6F72672F737072696E676672616D65776F726B2F73656375726974792F6F61757468322F70726F76696465722F546F6B656E526571756573743B4C000B7265736F7572636549647374000F4C6A6176612F7574696C2F5365743B4C000D726573706F6E7365547970657371007E0016787200386F72672E737072696E676672616D65776F726B2E73656375726974792E6F61757468322E70726F76696465722E426173655265717565737436287A3EA37169BD0200034C0008636C69656E74496471007E000E4C001172657175657374506172616D657465727371007E00144C000573636F706571007E00167870740003617070737200256A6176612E7574696C2E436F6C6C656374696F6E7324556E6D6F6469666961626C654D6170F1A5A8FE74F507420200014C00016D71007E00147870737200116A6176612E7574696C2E486173684D61700507DAC1C31660D103000246000A6C6F6164466163746F724900097468726573686F6C6478703F400000000000067708000000080000000374000A6772616E745F7479706574000870617373776F7264740009636C69656E745F6964740003617070740008757365726E616D657400077465737431323678737200256A6176612E7574696C2E436F6C6C656374696F6E7324556E6D6F6469666961626C65536574801D92D18F9B80550200007871007E0009737200176A6176612E7574696C2E4C696E6B656448617368536574D86CD75A95DD2A1E020000787200116A6176612E7574696C2E48617368536574BA44859596B8B7340300007870770C000000103F4000000000000171007E001978017371007E0027770C000000103F40000000000000787371007E001C3F40000000000000770800000010000000007870707371007E0027770C000000103F40000000000000787371007E0027770C000000103F40000000000000787372004F6F72672E737072696E676672616D65776F726B2E73656375726974792E61757468656E7469636174696F6E2E557365726E616D6550617373776F726441757468656E7469636174696F6E546F6B656E00000000000001F40200024C000B63726564656E7469616C7371007E00054C00097072696E636970616C71007E00057871007E0003017371007E00077371007E000B0000000277040000000271007E000F71007E00117871007E0030737200176A6176612E7574696C2E4C696E6B6564486173684D617034C04E5C106CC0FB0200015A000B6163636573734F726465727871007E001C3F400000000000067708000000080000000474000D636C69656E745F73656372657474000631323334353671007E001E71007E001F71007E002071007E002171007E002271007E00237800707372002B636F6D2E626F6F74646F2E636C6F7564646F61646D696E2E736563756974792E43757272656E7455736572FA08FA21BD5406A90200024C000269647400104C6A6176612F6C616E672F4C6F6E673B4C00046E616D6571007E000E787200326F72672E737072696E676672616D65776F726B2E73656375726974792E636F72652E7573657264657461696C732E5573657200000000000001F40200075A00116163636F756E744E6F6E457870697265645A00106163636F756E744E6F6E4C6F636B65645A001563726564656E7469616C734E6F6E457870697265645A0007656E61626C65644C000B617574686F72697469657371007E00164C000870617373776F726471007E000E4C0008757365726E616D6571007E000E7870010101017371007E0024737200116A6176612E7574696C2E54726565536574DD98509395ED875B0300007870737200466F72672E737072696E676672616D65776F726B2E73656375726974792E636F72652E7573657264657461696C732E5573657224417574686F72697479436F6D70617261746F7200000000000001F4020000787077040000000271007E000F71007E0011787071007E00237372000E6A6176612E6C616E672E4C6F6E673B8BE490CC8F23DF0200014A000576616C7565787200106A6176612E6C616E672E4E756D62657286AC951D0B94E08B020000787000000000000000A174000774657374313236, '5fa6e0ebd6a0e1a68c70df9220233c44');

-- ----------------------------
-- Table structure for oauth_approvals
-- ----------------------------
DROP TABLE IF EXISTS `oauth_approvals`;
CREATE TABLE `oauth_approvals` (
  `userId` varchar(256) DEFAULT NULL,
  `clientId` varchar(256) DEFAULT NULL,
  `scope` varchar(256) DEFAULT NULL,
  `status` varchar(10) DEFAULT NULL,
  `expiresAt` datetime DEFAULT NULL,
  `lastModifiedAt` datetime DEFAULT NULL
) ENGINE=InnoDB DEFAULT CHARSET=utf8;

-- ----------------------------
-- Records of oauth_approvals
-- ----------------------------

-- ----------------------------
-- Table structure for oauth_client_details
-- ----------------------------
DROP TABLE IF EXISTS `oauth_client_details`;
CREATE TABLE `oauth_client_details` (
  `client_id` varchar(128) NOT NULL,
  `resource_ids` varchar(256) DEFAULT NULL,
  `client_secret` varchar(256) DEFAULT NULL,
  `scope` varchar(256) DEFAULT NULL,
  `authorized_grant_types` varchar(256) DEFAULT NULL,
  `web_server_redirect_uri` varchar(256) DEFAULT NULL,
  `authorities` varchar(256) DEFAULT NULL,
  `access_token_validity` int(11) DEFAULT NULL,
  `refresh_token_validity` int(11) DEFAULT NULL,
  `additional_information` varchar(4096) DEFAULT NULL,
  `autoapprove` varchar(256) DEFAULT NULL,
  PRIMARY KEY (`client_id`)
) ENGINE=InnoDB DEFAULT CHARSET=utf8;

-- ----------------------------
-- Records of oauth_client_details
-- ----------------------------

-- ----------------------------
-- Table structure for oauth_client_token
-- ----------------------------
DROP TABLE IF EXISTS `oauth_client_token`;
CREATE TABLE `oauth_client_token` (
  `token_id` varchar(256) DEFAULT NULL,
  `token` blob,
  `authentication_id` varchar(128) NOT NULL,
  `user_name` varchar(256) DEFAULT NULL,
  `client_id` varchar(256) DEFAULT NULL,
  PRIMARY KEY (`authentication_id`)
) ENGINE=InnoDB DEFAULT CHARSET=utf8;

-- ----------------------------
-- Records of oauth_client_token
-- ----------------------------

-- ----------------------------
-- Table structure for oauth_code
-- ----------------------------
DROP TABLE IF EXISTS `oauth_code`;
CREATE TABLE `oauth_code` (
  `code` varchar(256) DEFAULT NULL,
  `authentication` blob
) ENGINE=InnoDB DEFAULT CHARSET=utf8;

-- ----------------------------
-- Records of oauth_code
-- ----------------------------

-- ----------------------------
-- Table structure for oauth_refresh_token
-- ----------------------------
DROP TABLE IF EXISTS `oauth_refresh_token`;
CREATE TABLE `oauth_refresh_token` (
  `token_id` varchar(256) DEFAULT NULL,
  `token` blob,
  `authentication` blob
) ENGINE=InnoDB DEFAULT CHARSET=utf8;

-- ----------------------------
-- Records of oauth_refresh_token
-- ----------------------------
INSERT INTO `oauth_refresh_token` VALUES ('47023366984f5c1fce7e9453bc0c7113', 0xACED00057372004C6F72672E737072696E676672616D65776F726B2E73656375726974792E6F61757468322E636F6D6D6F6E2E44656661756C744578706972696E674F417574683252656672657368546F6B656E2FDF47639DD0C9B70200014C000A65787069726174696F6E7400104C6A6176612F7574696C2F446174653B787200446F72672E737072696E676672616D65776F726B2E73656375726974792E6F61757468322E636F6D6D6F6E2E44656661756C744F417574683252656672657368546F6B656E73E10E0A6354D45E0200014C000576616C75657400124C6A6176612F6C616E672F537472696E673B787074002465616562333335342D633833302D346331662D623132632D6262613264643337366230617372000E6A6176612E7574696C2E44617465686A81014B597419030000787077080000016A58A3EA1878, 0xACED0005737200416F72672E737072696E676672616D65776F726B2E73656375726974792E6F61757468322E70726F76696465722E4F417574683241757468656E7469636174696F6EBD400B02166252130200024C000D73746F7265645265717565737474003C4C6F72672F737072696E676672616D65776F726B2F73656375726974792F6F61757468322F70726F76696465722F4F4175746832526571756573743B4C00127573657241757468656E7469636174696F6E7400324C6F72672F737072696E676672616D65776F726B2F73656375726974792F636F72652F41757468656E7469636174696F6E3B787200476F72672E737072696E676672616D65776F726B2E73656375726974792E61757468656E7469636174696F6E2E416273747261637441757468656E7469636174696F6E546F6B656ED3AA287E6E47640E0200035A000D61757468656E746963617465644C000B617574686F7269746965737400164C6A6176612F7574696C2F436F6C6C656374696F6E3B4C000764657461696C737400124C6A6176612F6C616E672F4F626A6563743B787000737200266A6176612E7574696C2E436F6C6C656374696F6E7324556E6D6F6469666961626C654C697374FC0F2531B5EC8E100200014C00046C6973747400104C6A6176612F7574696C2F4C6973743B7872002C6A6176612E7574696C2E436F6C6C656374696F6E7324556E6D6F6469666961626C65436F6C6C656374696F6E19420080CB5EF71E0200014C00016371007E00047870737200136A6176612E7574696C2E41727261794C6973747881D21D99C7619D03000149000473697A65787000000014770400000014737200426F72672E737072696E676672616D65776F726B2E73656375726974792E636F72652E617574686F726974792E53696D706C654772616E746564417574686F7269747900000000000001F40200014C0004726F6C657400124C6A6176612F6C616E672F537472696E673B787074000E61646D696E3A6D656E753A6164647371007E000D74001661646D696E3A6D656E753A626174636852656D6F76657371007E000D74000F61646D696E3A6D656E753A656469747371007E000D74000F61646D696E3A6D656E753A6C6973747371007E000D74000F61646D696E3A6D656E753A6D656E757371007E000D74001161646D696E3A6D656E753A72656D6F76657371007E000D74000E61646D696E3A726F6C653A6164647371007E000D74001661646D696E3A726F6C653A626174636852656D6F76657371007E000D74000F61646D696E3A726F6C653A656469747371007E000D74001161646D696E3A726F6C653A72656D6F76657371007E000D74000F61646D696E3A726F6C653A726F6C657371007E000D74000E61646D696E3A757365723A6164647371007E000D74001661646D696E3A757365723A626174636852656D6F76657371007E000D74001261646D696E3A757365723A64697361626C657371007E000D74000F61646D696E3A757365723A656469747371007E000D74001161646D696E3A757365723A72656D6F76657371007E000D74001361646D696E3A757365723A72657365745077647371007E000D74000F61646D696E3A757365723A757365727371007E000D74000B636D733A636F6E74656E747371007E000D740008636D733A66696C657871007E000C707372003A6F72672E737072696E676672616D65776F726B2E73656375726974792E6F61757468322E70726F76696465722E4F41757468325265717565737400000000000000010200075A0008617070726F7665644C000B617574686F72697469657371007E00044C000A657874656E73696F6E7374000F4C6A6176612F7574696C2F4D61703B4C000B726564697265637455726971007E000E4C00077265667265736874003B4C6F72672F737072696E676672616D65776F726B2F73656375726974792F6F61757468322F70726F76696465722F546F6B656E526571756573743B4C000B7265736F7572636549647374000F4C6A6176612F7574696C2F5365743B4C000D726573706F6E7365547970657371007E003A787200386F72672E737072696E676672616D65776F726B2E73656375726974792E6F61757468322E70726F76696465722E426173655265717565737436287A3EA37169BD0200034C0008636C69656E74496471007E000E4C001172657175657374506172616D657465727371007E00384C000573636F706571007E003A7870740003617070737200256A6176612E7574696C2E436F6C6C656374696F6E7324556E6D6F6469666961626C654D6170F1A5A8FE74F507420200014C00016D71007E00387870737200116A6176612E7574696C2E486173684D61700507DAC1C31660D103000246000A6C6F6164466163746F724900097468726573686F6C6478703F400000000000067708000000080000000374000A6772616E745F7479706574000870617373776F7264740009636C69656E745F6964740003617070740008757365726E616D6574000561646D696E78737200256A6176612E7574696C2E436F6C6C656374696F6E7324556E6D6F6469666961626C65536574801D92D18F9B80550200007871007E0009737200176A6176612E7574696C2E4C696E6B656448617368536574D86CD75A95DD2A1E020000787200116A6176612E7574696C2E48617368536574BA44859596B8B7340300007870770C000000103F4000000000000171007E003D78017371007E004B770C000000103F40000000000000787371007E00403F40000000000000770800000010000000007870707371007E004B770C000000103F40000000000000787371007E004B770C000000103F40000000000000787372004F6F72672E737072696E676672616D65776F726B2E73656375726974792E61757468656E7469636174696F6E2E557365726E616D6550617373776F726441757468656E7469636174696F6E546F6B656E00000000000001F40200024C000B63726564656E7469616C7371007E00054C00097072696E636970616C71007E00057871007E0003017371007E00077371007E000B0000001477040000001471007E000F71007E001171007E001371007E001571007E001771007E001971007E001B71007E001D71007E001F71007E002171007E002371007E002571007E002771007E002971007E002B71007E002D71007E002F71007E003171007E003371007E00357871007E0054737200176A6176612E7574696C2E4C696E6B6564486173684D617034C04E5C106CC0FB0200015A000B6163636573734F726465727871007E00403F400000000000067708000000080000000474000D636C69656E745F73656372657474000631323334353671007E004271007E004371007E004471007E004571007E004671007E00477800707372002B636F6D2E626F6F74646F2E636C6F7564646F61646D696E2E736563756974792E43757272656E7455736572A0F6D8499537099B0200014C000269647400104C6A6176612F6C616E672F4C6F6E673B787200326F72672E737072696E676672616D65776F726B2E73656375726974792E636F72652E7573657264657461696C732E5573657200000000000001F40200075A00116163636F756E744E6F6E457870697265645A00106163636F756E744E6F6E4C6F636B65645A001563726564656E7469616C734E6F6E457870697265645A0007656E61626C65644C000B617574686F72697469657371007E003A4C000870617373776F726471007E000E4C0008757365726E616D6571007E000E7870010101017371007E0048737200116A6176612E7574696C2E54726565536574DD98509395ED875B0300007870737200466F72672E737072696E676672616D65776F726B2E73656375726974792E636F72652E7573657264657461696C732E5573657224417574686F72697479436F6D70617261746F7200000000000001F4020000787077040000001471007E000F71007E001171007E001371007E001571007E001771007E001971007E001B71007E001D71007E001F71007E002171007E002371007E002571007E002771007E002971007E002B71007E002D71007E002F71007E003171007E003371007E0035787071007E00477372000E6A6176612E6C616E672E4C6F6E673B8BE490CC8F23DF0200014A000576616C7565787200106A6176612E6C616E672E4E756D62657286AC951D0B94E08B02000078700000000000000001);
INSERT INTO `oauth_refresh_token` VALUES ('3375ba85635514eab34a0d82022744b2', 0xACED00057372004C6F72672E737072696E676672616D65776F726B2E73656375726974792E6F61757468322E636F6D6D6F6E2E44656661756C744578706972696E674F417574683252656672657368546F6B656E2FDF47639DD0C9B70200014C000A65787069726174696F6E7400104C6A6176612F7574696C2F446174653B787200446F72672E737072696E676672616D65776F726B2E73656375726974792E6F61757468322E636F6D6D6F6E2E44656661756C744F417574683252656672657368546F6B656E73E10E0A6354D45E0200014C000576616C75657400124C6A6176612F6C616E672F537472696E673B787074002434313431386265352D386435322D343038372D623064352D3964306531316631393537617372000E6A6176612E7574696C2E44617465686A81014B597419030000787077080000016D2A2F277178, 0xACED0005737200416F72672E737072696E676672616D65776F726B2E73656375726974792E6F61757468322E70726F76696465722E4F417574683241757468656E7469636174696F6EBD400B02166252130200024C000D73746F7265645265717565737474003C4C6F72672F737072696E676672616D65776F726B2F73656375726974792F6F61757468322F70726F76696465722F4F4175746832526571756573743B4C00127573657241757468656E7469636174696F6E7400324C6F72672F737072696E676672616D65776F726B2F73656375726974792F636F72652F41757468656E7469636174696F6E3B787200476F72672E737072696E676672616D65776F726B2E73656375726974792E61757468656E7469636174696F6E2E416273747261637441757468656E7469636174696F6E546F6B656ED3AA287E6E47640E0200035A000D61757468656E746963617465644C000B617574686F7269746965737400164C6A6176612F7574696C2F436F6C6C656374696F6E3B4C000764657461696C737400124C6A6176612F6C616E672F4F626A6563743B787000737200266A6176612E7574696C2E436F6C6C656374696F6E7324556E6D6F6469666961626C654C697374FC0F2531B5EC8E100200014C00046C6973747400104C6A6176612F7574696C2F4C6973743B7872002C6A6176612E7574696C2E436F6C6C656374696F6E7324556E6D6F6469666961626C65436F6C6C656374696F6E19420080CB5EF71E0200014C00016371007E00047870737200136A6176612E7574696C2E41727261794C6973747881D21D99C7619D03000149000473697A65787000000014770400000014737200426F72672E737072696E676672616D65776F726B2E73656375726974792E636F72652E617574686F726974792E53696D706C654772616E746564417574686F7269747900000000000001F40200014C0004726F6C657400124C6A6176612F6C616E672F537472696E673B787074000E61646D696E3A6D656E753A6164647371007E000D74001661646D696E3A6D656E753A626174636852656D6F76657371007E000D74000F61646D696E3A6D656E753A656469747371007E000D74000F61646D696E3A6D656E753A6C6973747371007E000D74000F61646D696E3A6D656E753A6D656E757371007E000D74001161646D696E3A6D656E753A72656D6F76657371007E000D74000E61646D696E3A726F6C653A6164647371007E000D74001661646D696E3A726F6C653A626174636852656D6F76657371007E000D74000F61646D696E3A726F6C653A656469747371007E000D74001161646D696E3A726F6C653A72656D6F76657371007E000D74000F61646D696E3A726F6C653A726F6C657371007E000D74000E61646D696E3A757365723A6164647371007E000D74001661646D696E3A757365723A626174636852656D6F76657371007E000D74001261646D696E3A757365723A64697361626C657371007E000D74000F61646D696E3A757365723A656469747371007E000D74001161646D696E3A757365723A72656D6F76657371007E000D74001361646D696E3A757365723A72657365745077647371007E000D74000F61646D696E3A757365723A757365727371007E000D74000B636D733A636F6E74656E747371007E000D740008636D733A66696C657871007E000C707372003A6F72672E737072696E676672616D65776F726B2E73656375726974792E6F61757468322E70726F76696465722E4F41757468325265717565737400000000000000010200075A0008617070726F7665644C000B617574686F72697469657371007E00044C000A657874656E73696F6E7374000F4C6A6176612F7574696C2F4D61703B4C000B726564697265637455726971007E000E4C00077265667265736874003B4C6F72672F737072696E676672616D65776F726B2F73656375726974792F6F61757468322F70726F76696465722F546F6B656E526571756573743B4C000B7265736F7572636549647374000F4C6A6176612F7574696C2F5365743B4C000D726573706F6E7365547970657371007E003A787200386F72672E737072696E676672616D65776F726B2E73656375726974792E6F61757468322E70726F76696465722E426173655265717565737436287A3EA37169BD0200034C0008636C69656E74496471007E000E4C001172657175657374506172616D657465727371007E00384C000573636F706571007E003A7870740003617070737200256A6176612E7574696C2E436F6C6C656374696F6E7324556E6D6F6469666961626C654D6170F1A5A8FE74F507420200014C00016D71007E00387870737200116A6176612E7574696C2E486173684D61700507DAC1C31660D103000246000A6C6F6164466163746F724900097468726573686F6C6478703F400000000000067708000000080000000374000A6772616E745F7479706574000870617373776F7264740009636C69656E745F6964740003617070740008757365726E616D657400077465737431323478737200256A6176612E7574696C2E436F6C6C656374696F6E7324556E6D6F6469666961626C65536574801D92D18F9B80550200007871007E0009737200176A6176612E7574696C2E4C696E6B656448617368536574D86CD75A95DD2A1E020000787200116A6176612E7574696C2E48617368536574BA44859596B8B7340300007870770C000000103F4000000000000171007E003D78017371007E004B770C000000103F40000000000000787371007E00403F40000000000000770800000010000000007870707371007E004B770C000000103F40000000000000787371007E004B770C000000103F40000000000000787372004F6F72672E737072696E676672616D65776F726B2E73656375726974792E61757468656E7469636174696F6E2E557365726E616D6550617373776F726441757468656E7469636174696F6E546F6B656E00000000000001F40200024C000B63726564656E7469616C7371007E00054C00097072696E636970616C71007E00057871007E0003017371007E00077371007E000B0000001477040000001471007E000F71007E001171007E001371007E001571007E001771007E001971007E001B71007E001D71007E001F71007E002171007E002371007E002571007E002771007E002971007E002B71007E002D71007E002F71007E003171007E003371007E00357871007E0054737200176A6176612E7574696C2E4C696E6B6564486173684D617034C04E5C106CC0FB0200015A000B6163636573734F726465727871007E00403F400000000000067708000000080000000474000D636C69656E745F73656372657474000631323334353671007E004271007E004371007E004471007E004571007E004671007E00477800707372002B636F6D2E626F6F74646F2E636C6F7564646F61646D696E2E736563756974792E43757272656E7455736572FA08FA21BD5406A90200024C000269647400104C6A6176612F6C616E672F4C6F6E673B4C00046E616D6571007E000E787200326F72672E737072696E676672616D65776F726B2E73656375726974792E636F72652E7573657264657461696C732E5573657200000000000001F40200075A00116163636F756E744E6F6E457870697265645A00106163636F756E744E6F6E4C6F636B65645A001563726564656E7469616C734E6F6E457870697265645A0007656E61626C65644C000B617574686F72697469657371007E003A4C000870617373776F726471007E000E4C0008757365726E616D6571007E000E7870010101017371007E0048737200116A6176612E7574696C2E54726565536574DD98509395ED875B0300007870737200466F72672E737072696E676672616D65776F726B2E73656375726974792E636F72652E7573657264657461696C732E5573657224417574686F72697479436F6D70617261746F7200000000000001F4020000787077040000001471007E000F71007E001171007E001371007E001571007E001771007E001971007E001B71007E001D71007E001F71007E002171007E002371007E002571007E002771007E002971007E002B71007E002D71007E002F71007E003171007E003371007E0035787071007E00477372000E6A6176612E6C616E672E4C6F6E673B8BE490CC8F23DF0200014A000576616C7565787200106A6176612E6C616E672E4E756D62657286AC951D0B94E08B0200007870000000000000009F74000774657374313234);
INSERT INTO `oauth_refresh_token` VALUES ('6448615c73e222b077bc148195c10df7', 0xACED00057372004C6F72672E737072696E676672616D65776F726B2E73656375726974792E6F61757468322E636F6D6D6F6E2E44656661756C744578706972696E674F417574683252656672657368546F6B656E2FDF47639DD0C9B70200014C000A65787069726174696F6E7400104C6A6176612F7574696C2F446174653B787200446F72672E737072696E676672616D65776F726B2E73656375726974792E6F61757468322E636F6D6D6F6E2E44656661756C744F417574683252656672657368546F6B656E73E10E0A6354D45E0200014C000576616C75657400124C6A6176612F6C616E672F537472696E673B787074002463636336643132342D643139342D343631372D623735382D3833363237316566363961667372000E6A6176612E7574696C2E44617465686A81014B597419030000787077080000016D2A334C6278, 0xACED0005737200416F72672E737072696E676672616D65776F726B2E73656375726974792E6F61757468322E70726F76696465722E4F417574683241757468656E7469636174696F6EBD400B02166252130200024C000D73746F7265645265717565737474003C4C6F72672F737072696E676672616D65776F726B2F73656375726974792F6F61757468322F70726F76696465722F4F4175746832526571756573743B4C00127573657241757468656E7469636174696F6E7400324C6F72672F737072696E676672616D65776F726B2F73656375726974792F636F72652F41757468656E7469636174696F6E3B787200476F72672E737072696E676672616D65776F726B2E73656375726974792E61757468656E7469636174696F6E2E416273747261637441757468656E7469636174696F6E546F6B656ED3AA287E6E47640E0200035A000D61757468656E746963617465644C000B617574686F7269746965737400164C6A6176612F7574696C2F436F6C6C656374696F6E3B4C000764657461696C737400124C6A6176612F6C616E672F4F626A6563743B787000737200266A6176612E7574696C2E436F6C6C656374696F6E7324556E6D6F6469666961626C654C697374FC0F2531B5EC8E100200014C00046C6973747400104C6A6176612F7574696C2F4C6973743B7872002C6A6176612E7574696C2E436F6C6C656374696F6E7324556E6D6F6469666961626C65436F6C6C656374696F6E19420080CB5EF71E0200014C00016371007E00047870737200136A6176612E7574696C2E41727261794C6973747881D21D99C7619D03000149000473697A65787000000014770400000014737200426F72672E737072696E676672616D65776F726B2E73656375726974792E636F72652E617574686F726974792E53696D706C654772616E746564417574686F7269747900000000000001F40200014C0004726F6C657400124C6A6176612F6C616E672F537472696E673B787074000E61646D696E3A6D656E753A6164647371007E000D74001661646D696E3A6D656E753A626174636852656D6F76657371007E000D74000F61646D696E3A6D656E753A656469747371007E000D74000F61646D696E3A6D656E753A6C6973747371007E000D74000F61646D696E3A6D656E753A6D656E757371007E000D74001161646D696E3A6D656E753A72656D6F76657371007E000D74000E61646D696E3A726F6C653A6164647371007E000D74001661646D696E3A726F6C653A626174636852656D6F76657371007E000D74000F61646D696E3A726F6C653A656469747371007E000D74001161646D696E3A726F6C653A72656D6F76657371007E000D74000F61646D696E3A726F6C653A726F6C657371007E000D74000E61646D696E3A757365723A6164647371007E000D74001661646D696E3A757365723A626174636852656D6F76657371007E000D74001261646D696E3A757365723A64697361626C657371007E000D74000F61646D696E3A757365723A656469747371007E000D74001161646D696E3A757365723A72656D6F76657371007E000D74001361646D696E3A757365723A72657365745077647371007E000D74000F61646D696E3A757365723A757365727371007E000D74000B636D733A636F6E74656E747371007E000D740008636D733A66696C657871007E000C707372003A6F72672E737072696E676672616D65776F726B2E73656375726974792E6F61757468322E70726F76696465722E4F41757468325265717565737400000000000000010200075A0008617070726F7665644C000B617574686F72697469657371007E00044C000A657874656E73696F6E7374000F4C6A6176612F7574696C2F4D61703B4C000B726564697265637455726971007E000E4C00077265667265736874003B4C6F72672F737072696E676672616D65776F726B2F73656375726974792F6F61757468322F70726F76696465722F546F6B656E526571756573743B4C000B7265736F7572636549647374000F4C6A6176612F7574696C2F5365743B4C000D726573706F6E7365547970657371007E003A787200386F72672E737072696E676672616D65776F726B2E73656375726974792E6F61757468322E70726F76696465722E426173655265717565737436287A3EA37169BD0200034C0008636C69656E74496471007E000E4C001172657175657374506172616D657465727371007E00384C000573636F706571007E003A7870740003617070737200256A6176612E7574696C2E436F6C6C656374696F6E7324556E6D6F6469666961626C654D6170F1A5A8FE74F507420200014C00016D71007E00387870737200116A6176612E7574696C2E486173684D61700507DAC1C31660D103000246000A6C6F6164466163746F724900097468726573686F6C6478703F400000000000067708000000080000000374000A6772616E745F7479706574000870617373776F7264740009636C69656E745F6964740003617070740008757365726E616D657400077465737431323578737200256A6176612E7574696C2E436F6C6C656374696F6E7324556E6D6F6469666961626C65536574801D92D18F9B80550200007871007E0009737200176A6176612E7574696C2E4C696E6B656448617368536574D86CD75A95DD2A1E020000787200116A6176612E7574696C2E48617368536574BA44859596B8B7340300007870770C000000103F4000000000000171007E003D78017371007E004B770C000000103F40000000000000787371007E00403F40000000000000770800000010000000007870707371007E004B770C000000103F40000000000000787371007E004B770C000000103F40000000000000787372004F6F72672E737072696E676672616D65776F726B2E73656375726974792E61757468656E7469636174696F6E2E557365726E616D6550617373776F726441757468656E7469636174696F6E546F6B656E00000000000001F40200024C000B63726564656E7469616C7371007E00054C00097072696E636970616C71007E00057871007E0003017371007E00077371007E000B0000001477040000001471007E000F71007E001171007E001371007E001571007E001771007E001971007E001B71007E001D71007E001F71007E002171007E002371007E002571007E002771007E002971007E002B71007E002D71007E002F71007E003171007E003371007E00357871007E0054737200176A6176612E7574696C2E4C696E6B6564486173684D617034C04E5C106CC0FB0200015A000B6163636573734F726465727871007E00403F400000000000067708000000080000000474000D636C69656E745F73656372657474000631323334353671007E004271007E004371007E004471007E004571007E004671007E00477800707372002B636F6D2E626F6F74646F2E636C6F7564646F61646D696E2E736563756974792E43757272656E7455736572FA08FA21BD5406A90200024C000269647400104C6A6176612F6C616E672F4C6F6E673B4C00046E616D6571007E000E787200326F72672E737072696E676672616D65776F726B2E73656375726974792E636F72652E7573657264657461696C732E5573657200000000000001F40200075A00116163636F756E744E6F6E457870697265645A00106163636F756E744E6F6E4C6F636B65645A001563726564656E7469616C734E6F6E457870697265645A0007656E61626C65644C000B617574686F72697469657371007E003A4C000870617373776F726471007E000E4C0008757365726E616D6571007E000E7870010101017371007E0048737200116A6176612E7574696C2E54726565536574DD98509395ED875B0300007870737200466F72672E737072696E676672616D65776F726B2E73656375726974792E636F72652E7573657264657461696C732E5573657224417574686F72697479436F6D70617261746F7200000000000001F4020000787077040000001471007E000F71007E001171007E001371007E001571007E001771007E001971007E001B71007E001D71007E001F71007E002171007E002371007E002571007E002771007E002971007E002B71007E002D71007E002F71007E003171007E003371007E0035787071007E00477372000E6A6176612E6C616E672E4C6F6E673B8BE490CC8F23DF0200014A000576616C7565787200106A6176612E6C616E672E4E756D62657286AC951D0B94E08B020000787000000000000000A074000774657374313235);
INSERT INTO `oauth_refresh_token` VALUES ('926968d03a03434e2b8cf0c2ee163169', 0xACED00057372004C6F72672E737072696E676672616D65776F726B2E73656375726974792E6F61757468322E636F6D6D6F6E2E44656661756C744578706972696E674F417574683252656672657368546F6B656E2FDF47639DD0C9B70200014C000A65787069726174696F6E7400104C6A6176612F7574696C2F446174653B787200446F72672E737072696E676672616D65776F726B2E73656375726974792E6F61757468322E636F6D6D6F6E2E44656661756C744F417574683252656672657368546F6B656E73E10E0A6354D45E0200014C000576616C75657400124C6A6176612F6C616E672F537472696E673B787074002462613863383963652D373538362D343465662D393338392D6665323065326238393431337372000E6A6176612E7574696C2E44617465686A81014B597419030000787077080000016D6765F7E178, 0xACED0005737200416F72672E737072696E676672616D65776F726B2E73656375726974792E6F61757468322E70726F76696465722E4F417574683241757468656E7469636174696F6EBD400B02166252130200024C000D73746F7265645265717565737474003C4C6F72672F737072696E676672616D65776F726B2F73656375726974792F6F61757468322F70726F76696465722F4F4175746832526571756573743B4C00127573657241757468656E7469636174696F6E7400324C6F72672F737072696E676672616D65776F726B2F73656375726974792F636F72652F41757468656E7469636174696F6E3B787200476F72672E737072696E676672616D65776F726B2E73656375726974792E61757468656E7469636174696F6E2E416273747261637441757468656E7469636174696F6E546F6B656ED3AA287E6E47640E0200035A000D61757468656E746963617465644C000B617574686F7269746965737400164C6A6176612F7574696C2F436F6C6C656374696F6E3B4C000764657461696C737400124C6A6176612F6C616E672F4F626A6563743B787000737200266A6176612E7574696C2E436F6C6C656374696F6E7324556E6D6F6469666961626C654C697374FC0F2531B5EC8E100200014C00046C6973747400104C6A6176612F7574696C2F4C6973743B7872002C6A6176612E7574696C2E436F6C6C656374696F6E7324556E6D6F6469666961626C65436F6C6C656374696F6E19420080CB5EF71E0200014C00016371007E00047870737200136A6176612E7574696C2E41727261794C6973747881D21D99C7619D03000149000473697A65787000000002770400000002737200426F72672E737072696E676672616D65776F726B2E73656375726974792E636F72652E617574686F726974792E53696D706C654772616E746564417574686F7269747900000000000001F40200014C0004726F6C657400124C6A6176612F6C616E672F537472696E673B787074000B636D733A636F6E74656E747371007E000D740008636D733A66696C657871007E000C707372003A6F72672E737072696E676672616D65776F726B2E73656375726974792E6F61757468322E70726F76696465722E4F41757468325265717565737400000000000000010200075A0008617070726F7665644C000B617574686F72697469657371007E00044C000A657874656E73696F6E7374000F4C6A6176612F7574696C2F4D61703B4C000B726564697265637455726971007E000E4C00077265667265736874003B4C6F72672F737072696E676672616D65776F726B2F73656375726974792F6F61757468322F70726F76696465722F546F6B656E526571756573743B4C000B7265736F7572636549647374000F4C6A6176612F7574696C2F5365743B4C000D726573706F6E7365547970657371007E0016787200386F72672E737072696E676672616D65776F726B2E73656375726974792E6F61757468322E70726F76696465722E426173655265717565737436287A3EA37169BD0200034C0008636C69656E74496471007E000E4C001172657175657374506172616D657465727371007E00144C000573636F706571007E00167870740003617070737200256A6176612E7574696C2E436F6C6C656374696F6E7324556E6D6F6469666961626C654D6170F1A5A8FE74F507420200014C00016D71007E00147870737200116A6176612E7574696C2E486173684D61700507DAC1C31660D103000246000A6C6F6164466163746F724900097468726573686F6C6478703F400000000000067708000000080000000374000A6772616E745F7479706574000870617373776F7264740009636C69656E745F6964740003617070740008757365726E616D657400077465737431323678737200256A6176612E7574696C2E436F6C6C656374696F6E7324556E6D6F6469666961626C65536574801D92D18F9B80550200007871007E0009737200176A6176612E7574696C2E4C696E6B656448617368536574D86CD75A95DD2A1E020000787200116A6176612E7574696C2E48617368536574BA44859596B8B7340300007870770C000000103F4000000000000171007E001978017371007E0027770C000000103F40000000000000787371007E001C3F40000000000000770800000010000000007870707371007E0027770C000000103F40000000000000787371007E0027770C000000103F40000000000000787372004F6F72672E737072696E676672616D65776F726B2E73656375726974792E61757468656E7469636174696F6E2E557365726E616D6550617373776F726441757468656E7469636174696F6E546F6B656E00000000000001F40200024C000B63726564656E7469616C7371007E00054C00097072696E636970616C71007E00057871007E0003017371007E00077371007E000B0000000277040000000271007E000F71007E00117871007E0030737200176A6176612E7574696C2E4C696E6B6564486173684D617034C04E5C106CC0FB0200015A000B6163636573734F726465727871007E001C3F400000000000067708000000080000000474000D636C69656E745F73656372657474000631323334353671007E001E71007E001F71007E002071007E002171007E002271007E00237800707372002B636F6D2E626F6F74646F2E636C6F7564646F61646D696E2E736563756974792E43757272656E7455736572FA08FA21BD5406A90200024C000269647400104C6A6176612F6C616E672F4C6F6E673B4C00046E616D6571007E000E787200326F72672E737072696E676672616D65776F726B2E73656375726974792E636F72652E7573657264657461696C732E5573657200000000000001F40200075A00116163636F756E744E6F6E457870697265645A00106163636F756E744E6F6E4C6F636B65645A001563726564656E7469616C734E6F6E457870697265645A0007656E61626C65644C000B617574686F72697469657371007E00164C000870617373776F726471007E000E4C0008757365726E616D6571007E000E7870010101017371007E0024737200116A6176612E7574696C2E54726565536574DD98509395ED875B0300007870737200466F72672E737072696E676672616D65776F726B2E73656375726974792E636F72652E7573657264657461696C732E5573657224417574686F72697479436F6D70617261746F7200000000000001F4020000787077040000000271007E000F71007E0011787071007E00237372000E6A6176612E6C616E672E4C6F6E673B8BE490CC8F23DF0200014A000576616C7565787200106A6176612E6C616E672E4E756D62657286AC951D0B94E08B020000787000000000000000A174000774657374313236);
INSERT INTO `oauth_refresh_token` VALUES ('777e43ee563da973881dddc479a91a5e', 0xACED00057372004C6F72672E737072696E676672616D65776F726B2E73656375726974792E6F61757468322E636F6D6D6F6E2E44656661756C744578706972696E674F417574683252656672657368546F6B656E2FDF47639DD0C9B70200014C000A65787069726174696F6E7400104C6A6176612F7574696C2F446174653B787200446F72672E737072696E676672616D65776F726B2E73656375726974792E6F61757468322E636F6D6D6F6E2E44656661756C744F417574683252656672657368546F6B656E73E10E0A6354D45E0200014C000576616C75657400124C6A6176612F6C616E672F537472696E673B787074002436646561383939362D303361332D343934352D393266302D6234323661363132373161667372000E6A6176612E7574696C2E44617465686A81014B597419030000787077080000016D6B5B8CF978, 0xACED0005737200416F72672E737072696E676672616D65776F726B2E73656375726974792E6F61757468322E70726F76696465722E4F417574683241757468656E7469636174696F6EBD400B02166252130200024C000D73746F7265645265717565737474003C4C6F72672F737072696E676672616D65776F726B2F73656375726974792F6F61757468322F70726F76696465722F4F4175746832526571756573743B4C00127573657241757468656E7469636174696F6E7400324C6F72672F737072696E676672616D65776F726B2F73656375726974792F636F72652F41757468656E7469636174696F6E3B787200476F72672E737072696E676672616D65776F726B2E73656375726974792E61757468656E7469636174696F6E2E416273747261637441757468656E7469636174696F6E546F6B656ED3AA287E6E47640E0200035A000D61757468656E746963617465644C000B617574686F7269746965737400164C6A6176612F7574696C2F436F6C6C656374696F6E3B4C000764657461696C737400124C6A6176612F6C616E672F4F626A6563743B787000737200266A6176612E7574696C2E436F6C6C656374696F6E7324556E6D6F6469666961626C654C697374FC0F2531B5EC8E100200014C00046C6973747400104C6A6176612F7574696C2F4C6973743B7872002C6A6176612E7574696C2E436F6C6C656374696F6E7324556E6D6F6469666961626C65436F6C6C656374696F6E19420080CB5EF71E0200014C00016371007E00047870737200136A6176612E7574696C2E41727261794C6973747881D21D99C7619D03000149000473697A65787000000002770400000002737200426F72672E737072696E676672616D65776F726B2E73656375726974792E636F72652E617574686F726974792E53696D706C654772616E746564417574686F7269747900000000000001F40200014C0004726F6C657400124C6A6176612F6C616E672F537472696E673B787074000B636D733A636F6E74656E747371007E000D740008636D733A66696C657871007E000C707372003A6F72672E737072696E676672616D65776F726B2E73656375726974792E6F61757468322E70726F76696465722E4F41757468325265717565737400000000000000010200075A0008617070726F7665644C000B617574686F72697469657371007E00044C000A657874656E73696F6E7374000F4C6A6176612F7574696C2F4D61703B4C000B726564697265637455726971007E000E4C00077265667265736874003B4C6F72672F737072696E676672616D65776F726B2F73656375726974792F6F61757468322F70726F76696465722F546F6B656E526571756573743B4C000B7265736F7572636549647374000F4C6A6176612F7574696C2F5365743B4C000D726573706F6E7365547970657371007E0016787200386F72672E737072696E676672616D65776F726B2E73656375726974792E6F61757468322E70726F76696465722E426173655265717565737436287A3EA37169BD0200034C0008636C69656E74496471007E000E4C001172657175657374506172616D657465727371007E00144C000573636F706571007E00167870740003617070737200256A6176612E7574696C2E436F6C6C656374696F6E7324556E6D6F6469666961626C654D6170F1A5A8FE74F507420200014C00016D71007E00147870737200116A6176612E7574696C2E486173684D61700507DAC1C31660D103000246000A6C6F6164466163746F724900097468726573686F6C6478703F400000000000067708000000080000000374000A6772616E745F7479706574000870617373776F7264740009636C69656E745F6964740003617070740008757365726E616D657400077465737431323678737200256A6176612E7574696C2E436F6C6C656374696F6E7324556E6D6F6469666961626C65536574801D92D18F9B80550200007871007E0009737200176A6176612E7574696C2E4C696E6B656448617368536574D86CD75A95DD2A1E020000787200116A6176612E7574696C2E48617368536574BA44859596B8B7340300007870770C000000103F4000000000000171007E001978017371007E0027770C000000103F40000000000000787371007E001C3F40000000000000770800000010000000007870707371007E0027770C000000103F40000000000000787371007E0027770C000000103F40000000000000787372004F6F72672E737072696E676672616D65776F726B2E73656375726974792E61757468656E7469636174696F6E2E557365726E616D6550617373776F726441757468656E7469636174696F6E546F6B656E00000000000001F40200024C000B63726564656E7469616C7371007E00054C00097072696E636970616C71007E00057871007E0003017371007E00077371007E000B0000000277040000000271007E000F71007E00117871007E0030737200176A6176612E7574696C2E4C696E6B6564486173684D617034C04E5C106CC0FB0200015A000B6163636573734F726465727871007E001C3F400000000000067708000000080000000474000D636C69656E745F73656372657474000631323334353671007E001E71007E001F71007E002071007E002171007E002271007E00237800707372002B636F6D2E626F6F74646F2E636C6F7564646F61646D696E2E736563756974792E43757272656E7455736572FA08FA21BD5406A90200024C000269647400104C6A6176612F6C616E672F4C6F6E673B4C00046E616D6571007E000E787200326F72672E737072696E676672616D65776F726B2E73656375726974792E636F72652E7573657264657461696C732E5573657200000000000001F40200075A00116163636F756E744E6F6E457870697265645A00106163636F756E744E6F6E4C6F636B65645A001563726564656E7469616C734E6F6E457870697265645A0007656E61626C65644C000B617574686F72697469657371007E00164C000870617373776F726471007E000E4C0008757365726E616D6571007E000E7870010101017371007E0024737200116A6176612E7574696C2E54726565536574DD98509395ED875B0300007870737200466F72672E737072696E676672616D65776F726B2E73656375726974792E636F72652E7573657264657461696C732E5573657224417574686F72697479436F6D70617261746F7200000000000001F4020000787077040000000271007E000F71007E0011787071007E00237372000E6A6176612E6C616E672E4C6F6E673B8BE490CC8F23DF0200014A000576616C7565787200106A6176612E6C616E672E4E756D62657286AC951D0B94E08B020000787000000000000000A174000774657374313236);
INSERT INTO `oauth_refresh_token` VALUES ('8fc8b1c5a941f463798d92ec80eb2784', 0xACED00057372004C6F72672E737072696E676672616D65776F726B2E73656375726974792E6F61757468322E636F6D6D6F6E2E44656661756C744578706972696E674F417574683252656672657368546F6B656E2FDF47639DD0C9B70200014C000A65787069726174696F6E7400104C6A6176612F7574696C2F446174653B787200446F72672E737072696E676672616D65776F726B2E73656375726974792E6F61757468322E636F6D6D6F6E2E44656661756C744F417574683252656672657368546F6B656E73E10E0A6354D45E0200014C000576616C75657400124C6A6176612F6C616E672F537472696E673B787074002463356632363263352D653339612D343938382D393530662D3336633566613964623437317372000E6A6176612E7574696C2E44617465686A81014B597419030000787077080000016D2460E18478, 0xACED0005737200416F72672E737072696E676672616D65776F726B2E73656375726974792E6F61757468322E70726F76696465722E4F417574683241757468656E7469636174696F6EBD400B02166252130200024C000D73746F7265645265717565737474003C4C6F72672F737072696E676672616D65776F726B2F73656375726974792F6F61757468322F70726F76696465722F4F4175746832526571756573743B4C00127573657241757468656E7469636174696F6E7400324C6F72672F737072696E676672616D65776F726B2F73656375726974792F636F72652F41757468656E7469636174696F6E3B787200476F72672E737072696E676672616D65776F726B2E73656375726974792E61757468656E7469636174696F6E2E416273747261637441757468656E7469636174696F6E546F6B656ED3AA287E6E47640E0200035A000D61757468656E746963617465644C000B617574686F7269746965737400164C6A6176612F7574696C2F436F6C6C656374696F6E3B4C000764657461696C737400124C6A6176612F6C616E672F4F626A6563743B787000737200266A6176612E7574696C2E436F6C6C656374696F6E7324556E6D6F6469666961626C654C697374FC0F2531B5EC8E100200014C00046C6973747400104C6A6176612F7574696C2F4C6973743B7872002C6A6176612E7574696C2E436F6C6C656374696F6E7324556E6D6F6469666961626C65436F6C6C656374696F6E19420080CB5EF71E0200014C00016371007E00047870737200136A6176612E7574696C2E41727261794C6973747881D21D99C7619D03000149000473697A65787000000015770400000015737200426F72672E737072696E676672616D65776F726B2E73656375726974792E636F72652E617574686F726974792E53696D706C654772616E746564417574686F7269747900000000000001F40200014C0004726F6C657400124C6A6176612F6C616E672F537472696E673B787074000E61646D696E3A6D656E753A6164647371007E000D74001661646D696E3A6D656E753A626174636852656D6F76657371007E000D74000F61646D696E3A6D656E753A656469747371007E000D74000F61646D696E3A6D656E753A6C6973747371007E000D74000F61646D696E3A6D656E753A6D656E757371007E000D74001161646D696E3A6D656E753A72656D6F76657371007E000D74000E61646D696E3A726F6C653A6164647371007E000D74001661646D696E3A726F6C653A626174636852656D6F76657371007E000D74000F61646D696E3A726F6C653A656469747371007E000D74001161646D696E3A726F6C653A72656D6F76657371007E000D74000F61646D696E3A726F6C653A726F6C657371007E000D74000E61646D696E3A757365723A6164647371007E000D74001661646D696E3A757365723A626174636852656D6F76657371007E000D74001261646D696E3A757365723A64697361626C657371007E000D74000F61646D696E3A757365723A656469747371007E000D74001161646D696E3A757365723A72656D6F76657371007E000D74001361646D696E3A757365723A72657365745077647371007E000D74000F61646D696E3A757365723A757365727371007E000D74000B636D733A636F6E74656E747371007E000D740008636D733A66696C657371007E000D7400086C6F673A736176657871007E000C707372003A6F72672E737072696E676672616D65776F726B2E73656375726974792E6F61757468322E70726F76696465722E4F41757468325265717565737400000000000000010200075A0008617070726F7665644C000B617574686F72697469657371007E00044C000A657874656E73696F6E7374000F4C6A6176612F7574696C2F4D61703B4C000B726564697265637455726971007E000E4C00077265667265736874003B4C6F72672F737072696E676672616D65776F726B2F73656375726974792F6F61757468322F70726F76696465722F546F6B656E526571756573743B4C000B7265736F7572636549647374000F4C6A6176612F7574696C2F5365743B4C000D726573706F6E7365547970657371007E003C787200386F72672E737072696E676672616D65776F726B2E73656375726974792E6F61757468322E70726F76696465722E426173655265717565737436287A3EA37169BD0200034C0008636C69656E74496471007E000E4C001172657175657374506172616D657465727371007E003A4C000573636F706571007E003C7870740003617070737200256A6176612E7574696C2E436F6C6C656374696F6E7324556E6D6F6469666961626C654D6170F1A5A8FE74F507420200014C00016D71007E003A7870737200116A6176612E7574696C2E486173684D61700507DAC1C31660D103000246000A6C6F6164466163746F724900097468726573686F6C6478703F400000000000067708000000080000000374000A6772616E745F7479706574000870617373776F7264740009636C69656E745F6964740003617070740008757365726E616D6574000561646D696E78737200256A6176612E7574696C2E436F6C6C656374696F6E7324556E6D6F6469666961626C65536574801D92D18F9B80550200007871007E0009737200176A6176612E7574696C2E4C696E6B656448617368536574D86CD75A95DD2A1E020000787200116A6176612E7574696C2E48617368536574BA44859596B8B7340300007870770C000000103F4000000000000171007E003F78017371007E004D770C000000103F40000000000000787371007E00423F40000000000000770800000010000000007870707371007E004D770C000000103F40000000000000787371007E004D770C000000103F40000000000000787372004F6F72672E737072696E676672616D65776F726B2E73656375726974792E61757468656E7469636174696F6E2E557365726E616D6550617373776F726441757468656E7469636174696F6E546F6B656E00000000000001F40200024C000B63726564656E7469616C7371007E00054C00097072696E636970616C71007E00057871007E0003017371007E00077371007E000B0000001577040000001571007E000F71007E001171007E001371007E001571007E001771007E001971007E001B71007E001D71007E001F71007E002171007E002371007E002571007E002771007E002971007E002B71007E002D71007E002F71007E003171007E003371007E003571007E00377871007E0056737200176A6176612E7574696C2E4C696E6B6564486173684D617034C04E5C106CC0FB0200015A000B6163636573734F726465727871007E00423F400000000000067708000000080000000474000D636C69656E745F73656372657474000631323334353671007E004471007E004571007E004671007E004771007E004871007E00497800707372002B636F6D2E626F6F74646F2E636C6F7564646F61646D696E2E736563756974792E43757272656E7455736572FA08FA21BD5406A90200024C000269647400104C6A6176612F6C616E672F4C6F6E673B4C00046E616D6571007E000E787200326F72672E737072696E676672616D65776F726B2E73656375726974792E636F72652E7573657264657461696C732E5573657200000000000001F40200075A00116163636F756E744E6F6E457870697265645A00106163636F756E744E6F6E4C6F636B65645A001563726564656E7469616C734E6F6E457870697265645A0007656E61626C65644C000B617574686F72697469657371007E003C4C000870617373776F726471007E000E4C0008757365726E616D6571007E000E7870010101017371007E004A737200116A6176612E7574696C2E54726565536574DD98509395ED875B0300007870737200466F72672E737072696E676672616D65776F726B2E73656375726974792E636F72652E7573657264657461696C732E5573657224417574686F72697479436F6D70617261746F7200000000000001F4020000787077040000001571007E000F71007E001171007E001371007E001571007E001771007E001971007E001B71007E001D71007E001F71007E002171007E002371007E002571007E002771007E002971007E002B71007E002D71007E002F71007E003171007E003371007E003571007E0037787071007E00497372000E6A6176612E6C616E672E4C6F6E673B8BE490CC8F23DF0200014A000576616C7565787200106A6176612E6C616E672E4E756D62657286AC951D0B94E08B0200007870000000000000000174000FE8B685E7BAA7E7AEA1E79086E59198);
INSERT INTO `oauth_refresh_token` VALUES ('d82f389755113aa7ff663bfa8c106e11', 0xACED00057372004C6F72672E737072696E676672616D65776F726B2E73656375726974792E6F61757468322E636F6D6D6F6E2E44656661756C744578706972696E674F417574683252656672657368546F6B656E2FDF47639DD0C9B70200014C000A65787069726174696F6E7400104C6A6176612F7574696C2F446174653B787200446F72672E737072696E676672616D65776F726B2E73656375726974792E6F61757468322E636F6D6D6F6E2E44656661756C744F417574683252656672657368546F6B656E73E10E0A6354D45E0200014C000576616C75657400124C6A6176612F6C616E672F537472696E673B787074002463323134363262612D336438622D346665352D396235352D3832666130653031666130327372000E6A6176612E7574696C2E44617465686A81014B597419030000787077080000016D8A61B4C078, 0xACED0005737200416F72672E737072696E676672616D65776F726B2E73656375726974792E6F61757468322E70726F76696465722E4F417574683241757468656E7469636174696F6EBD400B02166252130200024C000D73746F7265645265717565737474003C4C6F72672F737072696E676672616D65776F726B2F73656375726974792F6F61757468322F70726F76696465722F4F4175746832526571756573743B4C00127573657241757468656E7469636174696F6E7400324C6F72672F737072696E676672616D65776F726B2F73656375726974792F636F72652F41757468656E7469636174696F6E3B787200476F72672E737072696E676672616D65776F726B2E73656375726974792E61757468656E7469636174696F6E2E416273747261637441757468656E7469636174696F6E546F6B656ED3AA287E6E47640E0200035A000D61757468656E746963617465644C000B617574686F7269746965737400164C6A6176612F7574696C2F436F6C6C656374696F6E3B4C000764657461696C737400124C6A6176612F6C616E672F4F626A6563743B787000737200266A6176612E7574696C2E436F6C6C656374696F6E7324556E6D6F6469666961626C654C697374FC0F2531B5EC8E100200014C00046C6973747400104C6A6176612F7574696C2F4C6973743B7872002C6A6176612E7574696C2E436F6C6C656374696F6E7324556E6D6F6469666961626C65436F6C6C656374696F6E19420080CB5EF71E0200014C00016371007E00047870737200136A6176612E7574696C2E41727261794C6973747881D21D99C7619D03000149000473697A65787000000016770400000016737200426F72672E737072696E676672616D65776F726B2E73656375726974792E636F72652E617574686F726974792E53696D706C654772616E746564417574686F7269747900000000000001F40200014C0004726F6C657400124C6A6176612F6C616E672F537472696E673B787074000E61646D696E3A6D656E753A6164647371007E000D74001661646D696E3A6D656E753A626174636852656D6F76657371007E000D74000F61646D696E3A6D656E753A656469747371007E000D74000F61646D696E3A6D656E753A6C6973747371007E000D74000F61646D696E3A6D656E753A6D656E757371007E000D74001161646D696E3A6D656E753A72656D6F76657371007E000D74000E61646D696E3A726F6C653A6164647371007E000D74001661646D696E3A726F6C653A626174636852656D6F76657371007E000D74000F61646D696E3A726F6C653A656469747371007E000D74001161646D696E3A726F6C653A72656D6F76657371007E000D74000F61646D696E3A726F6C653A726F6C657371007E000D74000B61646D696E3A757365723A7371007E000D74000E61646D696E3A757365723A6164647371007E000D74001661646D696E3A757365723A626174636852656D6F76657371007E000D74001261646D696E3A757365723A64697361626C657371007E000D74000F61646D696E3A757365723A656469747371007E000D74001161646D696E3A757365723A72656D6F76657371007E000D74001361646D696E3A757365723A72657365745077647371007E000D74000F61646D696E3A757365723A757365727371007E000D74000B636D733A636F6E74656E747371007E000D740008636D733A66696C657371007E000D7400086C6F673A736176657871007E000C707372003A6F72672E737072696E676672616D65776F726B2E73656375726974792E6F61757468322E70726F76696465722E4F41757468325265717565737400000000000000010200075A0008617070726F7665644C000B617574686F72697469657371007E00044C000A657874656E73696F6E7374000F4C6A6176612F7574696C2F4D61703B4C000B726564697265637455726971007E000E4C00077265667265736874003B4C6F72672F737072696E676672616D65776F726B2F73656375726974792F6F61757468322F70726F76696465722F546F6B656E526571756573743B4C000B7265736F7572636549647374000F4C6A6176612F7574696C2F5365743B4C000D726573706F6E7365547970657371007E003E787200386F72672E737072696E676672616D65776F726B2E73656375726974792E6F61757468322E70726F76696465722E426173655265717565737436287A3EA37169BD0200034C0008636C69656E74496471007E000E4C001172657175657374506172616D657465727371007E003C4C000573636F706571007E003E7870740003617070737200256A6176612E7574696C2E436F6C6C656374696F6E7324556E6D6F6469666961626C654D6170F1A5A8FE74F507420200014C00016D71007E003C7870737200116A6176612E7574696C2E486173684D61700507DAC1C31660D103000246000A6C6F6164466163746F724900097468726573686F6C6478703F400000000000067708000000080000000374000A6772616E745F7479706574000870617373776F7264740009636C69656E745F6964740003617070740008757365726E616D6574000561646D696E78737200256A6176612E7574696C2E436F6C6C656374696F6E7324556E6D6F6469666961626C65536574801D92D18F9B80550200007871007E0009737200176A6176612E7574696C2E4C696E6B656448617368536574D86CD75A95DD2A1E020000787200116A6176612E7574696C2E48617368536574BA44859596B8B7340300007870770C000000103F4000000000000171007E004178017371007E004F770C000000103F40000000000000787371007E00443F40000000000000770800000010000000007870707371007E004F770C000000103F40000000000000787371007E004F770C000000103F40000000000000787372004F6F72672E737072696E676672616D65776F726B2E73656375726974792E61757468656E7469636174696F6E2E557365726E616D6550617373776F726441757468656E7469636174696F6E546F6B656E00000000000001F40200024C000B63726564656E7469616C7371007E00054C00097072696E636970616C71007E00057871007E0003017371007E00077371007E000B0000001677040000001671007E000F71007E001171007E001371007E001571007E001771007E001971007E001B71007E001D71007E001F71007E002171007E002371007E002571007E002771007E002971007E002B71007E002D71007E002F71007E003171007E003371007E003571007E003771007E00397871007E0058737200176A6176612E7574696C2E4C696E6B6564486173684D617034C04E5C106CC0FB0200015A000B6163636573734F726465727871007E00443F400000000000067708000000080000000474000D636C69656E745F73656372657474000631323334353671007E004671007E004771007E004871007E004971007E004A71007E004B7800707372002B636F6D2E626F6F74646F2E636C6F7564646F61646D696E2E736563756974792E43757272656E7455736572FA08FA21BD5406A90200024C000269647400104C6A6176612F6C616E672F4C6F6E673B4C00046E616D6571007E000E787200326F72672E737072696E676672616D65776F726B2E73656375726974792E636F72652E7573657264657461696C732E5573657200000000000001F40200075A00116163636F756E744E6F6E457870697265645A00106163636F756E744E6F6E4C6F636B65645A001563726564656E7469616C734E6F6E457870697265645A0007656E61626C65644C000B617574686F72697469657371007E003E4C000870617373776F726471007E000E4C0008757365726E616D6571007E000E7870010101017371007E004C737200116A6176612E7574696C2E54726565536574DD98509395ED875B0300007870737200466F72672E737072696E676672616D65776F726B2E73656375726974792E636F72652E7573657264657461696C732E5573657224417574686F72697479436F6D70617261746F7200000000000001F4020000787077040000001671007E000F71007E001171007E001371007E001571007E001771007E001971007E001B71007E001D71007E001F71007E002171007E002371007E002571007E002771007E002971007E002B71007E002D71007E002F71007E003171007E003371007E003571007E003771007E0039787071007E004B7372000E6A6176612E6C616E672E4C6F6E673B8BE490CC8F23DF0200014A000576616C7565787200106A6176612E6C616E672E4E756D62657286AC951D0B94E08B0200007870000000000000000174000FE8B685E7BAA7E7AEA1E79086E59198);
INSERT INTO `oauth_refresh_token` VALUES ('5fa6e0ebd6a0e1a68c70df9220233c44', 0xACED00057372004C6F72672E737072696E676672616D65776F726B2E73656375726974792E6F61757468322E636F6D6D6F6E2E44656661756C744578706972696E674F417574683252656672657368546F6B656E2FDF47639DD0C9B70200014C000A65787069726174696F6E7400104C6A6176612F7574696C2F446174653B787200446F72672E737072696E676672616D65776F726B2E73656375726974792E6F61757468322E636F6D6D6F6E2E44656661756C744F417574683252656672657368546F6B656E73E10E0A6354D45E0200014C000576616C75657400124C6A6176612F6C616E672F537472696E673B787074002437306638383435322D343432662D346364332D386130612D6336366630616538373734637372000E6A6176612E7574696C2E44617465686A81014B597419030000787077080000016D7164007278, 0xACED0005737200416F72672E737072696E676672616D65776F726B2E73656375726974792E6F61757468322E70726F76696465722E4F417574683241757468656E7469636174696F6EBD400B02166252130200024C000D73746F7265645265717565737474003C4C6F72672F737072696E676672616D65776F726B2F73656375726974792F6F61757468322F70726F76696465722F4F4175746832526571756573743B4C00127573657241757468656E7469636174696F6E7400324C6F72672F737072696E676672616D65776F726B2F73656375726974792F636F72652F41757468656E7469636174696F6E3B787200476F72672E737072696E676672616D65776F726B2E73656375726974792E61757468656E7469636174696F6E2E416273747261637441757468656E7469636174696F6E546F6B656ED3AA287E6E47640E0200035A000D61757468656E746963617465644C000B617574686F7269746965737400164C6A6176612F7574696C2F436F6C6C656374696F6E3B4C000764657461696C737400124C6A6176612F6C616E672F4F626A6563743B787000737200266A6176612E7574696C2E436F6C6C656374696F6E7324556E6D6F6469666961626C654C697374FC0F2531B5EC8E100200014C00046C6973747400104C6A6176612F7574696C2F4C6973743B7872002C6A6176612E7574696C2E436F6C6C656374696F6E7324556E6D6F6469666961626C65436F6C6C656374696F6E19420080CB5EF71E0200014C00016371007E00047870737200136A6176612E7574696C2E41727261794C6973747881D21D99C7619D03000149000473697A65787000000002770400000002737200426F72672E737072696E676672616D65776F726B2E73656375726974792E636F72652E617574686F726974792E53696D706C654772616E746564417574686F7269747900000000000001F40200014C0004726F6C657400124C6A6176612F6C616E672F537472696E673B787074000B636D733A636F6E74656E747371007E000D740008636D733A66696C657871007E000C707372003A6F72672E737072696E676672616D65776F726B2E73656375726974792E6F61757468322E70726F76696465722E4F41757468325265717565737400000000000000010200075A0008617070726F7665644C000B617574686F72697469657371007E00044C000A657874656E73696F6E7374000F4C6A6176612F7574696C2F4D61703B4C000B726564697265637455726971007E000E4C00077265667265736874003B4C6F72672F737072696E676672616D65776F726B2F73656375726974792F6F61757468322F70726F76696465722F546F6B656E526571756573743B4C000B7265736F7572636549647374000F4C6A6176612F7574696C2F5365743B4C000D726573706F6E7365547970657371007E0016787200386F72672E737072696E676672616D65776F726B2E73656375726974792E6F61757468322E70726F76696465722E426173655265717565737436287A3EA37169BD0200034C0008636C69656E74496471007E000E4C001172657175657374506172616D657465727371007E00144C000573636F706571007E00167870740003617070737200256A6176612E7574696C2E436F6C6C656374696F6E7324556E6D6F6469666961626C654D6170F1A5A8FE74F507420200014C00016D71007E00147870737200116A6176612E7574696C2E486173684D61700507DAC1C31660D103000246000A6C6F6164466163746F724900097468726573686F6C6478703F400000000000067708000000080000000374000A6772616E745F7479706574000870617373776F7264740009636C69656E745F6964740003617070740008757365726E616D657400077465737431323678737200256A6176612E7574696C2E436F6C6C656374696F6E7324556E6D6F6469666961626C65536574801D92D18F9B80550200007871007E0009737200176A6176612E7574696C2E4C696E6B656448617368536574D86CD75A95DD2A1E020000787200116A6176612E7574696C2E48617368536574BA44859596B8B7340300007870770C000000103F4000000000000171007E001978017371007E0027770C000000103F40000000000000787371007E001C3F40000000000000770800000010000000007870707371007E0027770C000000103F40000000000000787371007E0027770C000000103F40000000000000787372004F6F72672E737072696E676672616D65776F726B2E73656375726974792E61757468656E7469636174696F6E2E557365726E616D6550617373776F726441757468656E7469636174696F6E546F6B656E00000000000001F40200024C000B63726564656E7469616C7371007E00054C00097072696E636970616C71007E00057871007E0003017371007E00077371007E000B0000000277040000000271007E000F71007E00117871007E0030737200176A6176612E7574696C2E4C696E6B6564486173684D617034C04E5C106CC0FB0200015A000B6163636573734F726465727871007E001C3F400000000000067708000000080000000474000D636C69656E745F73656372657474000631323334353671007E001E71007E001F71007E002071007E002171007E002271007E00237800707372002B636F6D2E626F6F74646F2E636C6F7564646F61646D696E2E736563756974792E43757272656E7455736572FA08FA21BD5406A90200024C000269647400104C6A6176612F6C616E672F4C6F6E673B4C00046E616D6571007E000E787200326F72672E737072696E676672616D65776F726B2E73656375726974792E636F72652E7573657264657461696C732E5573657200000000000001F40200075A00116163636F756E744E6F6E457870697265645A00106163636F756E744E6F6E4C6F636B65645A001563726564656E7469616C734E6F6E457870697265645A0007656E61626C65644C000B617574686F72697469657371007E00164C000870617373776F726471007E000E4C0008757365726E616D6571007E000E7870010101017371007E0024737200116A6176612E7574696C2E54726565536574DD98509395ED875B0300007870737200466F72672E737072696E676672616D65776F726B2E73656375726974792E636F72652E7573657264657461696C732E5573657224417574686F72697479436F6D70617261746F7200000000000001F4020000787077040000000271007E000F71007E0011787071007E00237372000E6A6176612E6C616E672E4C6F6E673B8BE490CC8F23DF0200014A000576616C7565787200106A6176612E6C616E672E4E756D62657286AC951D0B94E08B020000787000000000000000A174000774657374313236);

-- ----------------------------
-- Table structure for sys_dept
-- ----------------------------
DROP TABLE IF EXISTS `sys_dept`;
CREATE TABLE `sys_dept` (
  `dept_id` bigint(20) NOT NULL AUTO_INCREMENT,
  `parent_id` bigint(20) DEFAULT NULL COMMENT '上级部门ID，一级部门为0',
  `name` varchar(50) DEFAULT NULL COMMENT '部门名称',
  `order_num` int(11) DEFAULT NULL COMMENT '排序',
  `del_flag` tinyint(4) DEFAULT '0' COMMENT '是否删除  -1：已删除  0：正常',
  PRIMARY KEY (`dept_id`)
) ENGINE=InnoDB AUTO_INCREMENT=16 DEFAULT CHARSET=utf8 COMMENT='部门管理';

-- ----------------------------
-- Records of sys_dept
-- ----------------------------
INSERT INTO `sys_dept` VALUES ('6', '0', '研发部', '1', '1');
INSERT INTO `sys_dept` VALUES ('7', '6', '研發一部', '1', '1');
INSERT INTO `sys_dept` VALUES ('8', '6', '研发二部', '2', '1');
INSERT INTO `sys_dept` VALUES ('9', '0', '销售部', '2', '1');
INSERT INTO `sys_dept` VALUES ('10', '9', '销售一部', '1', '1');
INSERT INTO `sys_dept` VALUES ('11', '0', '产品部', '3', '1');
INSERT INTO `sys_dept` VALUES ('12', '11', '产品一部', '1', '1');
INSERT INTO `sys_dept` VALUES ('13', '0', '测试部', '5', '1');
INSERT INTO `sys_dept` VALUES ('14', '13', '测试一部', '1', '1');
INSERT INTO `sys_dept` VALUES ('15', '13', '测试二部', '2', '1');

-- ----------------------------
-- Table structure for sys_dict
-- ----------------------------
DROP TABLE IF EXISTS `sys_dict`;
CREATE TABLE `sys_dict` (
  `id` bigint(64) NOT NULL AUTO_INCREMENT COMMENT '编号',
  `name` varchar(100) CHARACTER SET utf8 COLLATE utf8_bin DEFAULT NULL COMMENT '标签名',
  `value` varchar(100) CHARACTER SET utf8 COLLATE utf8_bin DEFAULT NULL COMMENT '数据值',
  `type` varchar(100) CHARACTER SET utf8 COLLATE utf8_bin DEFAULT NULL COMMENT '类型',
  `description` varchar(100) CHARACTER SET utf8 COLLATE utf8_bin DEFAULT NULL COMMENT '描述',
  `sort` decimal(10,0) DEFAULT NULL COMMENT '排序（升序）',
  `parent_id` bigint(64) DEFAULT '0' COMMENT '父级编号',
  `create_by` int(64) DEFAULT NULL COMMENT '创建者',
  `create_date` datetime DEFAULT NULL COMMENT '创建时间',
  `update_by` bigint(64) DEFAULT NULL COMMENT '更新者',
  `update_date` datetime DEFAULT NULL COMMENT '更新时间',
  `remarks` varchar(255) CHARACTER SET utf8 COLLATE utf8_bin DEFAULT NULL COMMENT '备注信息',
  `del_flag` char(1) CHARACTER SET utf8 COLLATE utf8_bin DEFAULT '0' COMMENT '删除标记',
  PRIMARY KEY (`id`),
  KEY `sys_dict_value` (`value`),
  KEY `sys_dict_label` (`name`),
  KEY `sys_dict_del_flag` (`del_flag`)
) ENGINE=InnoDB AUTO_INCREMENT=122 DEFAULT CHARSET=utf8 COLLATE=utf8_bin COMMENT='字典表';

-- ----------------------------
-- Records of sys_dict
-- ----------------------------
INSERT INTO `sys_dict` VALUES ('1', '正常', '0', 'del_flag', '删除标记', '10', '0', '1', null, '1', null, null, '0');
INSERT INTO `sys_dict` VALUES ('3', '显示', '1', 'show_hide', '显示/隐藏', '10', '0', '1', null, '1', null, null, '0');
INSERT INTO `sys_dict` VALUES ('4', '隐藏', '0', 'show_hide', '显示/隐藏', '20', '0', '1', null, '1', null, null, '0');
INSERT INTO `sys_dict` VALUES ('5', '是', '1', 'yes_no', '是/否', '10', '0', '1', null, '1', null, null, '0');
INSERT INTO `sys_dict` VALUES ('6', '否', '0', 'yes_no', '是/否', '20', '0', '1', null, '1', null, null, '0');
INSERT INTO `sys_dict` VALUES ('7', '红色', 'red', 'color', '颜色值', '10', '0', '1', null, '1', null, null, '0');
INSERT INTO `sys_dict` VALUES ('8', '绿色', 'green', 'color', '颜色值', '20', '0', '1', null, '1', null, null, '0');
INSERT INTO `sys_dict` VALUES ('9', '蓝色', 'blue', 'color', '颜色值', '30', '0', '1', null, '1', null, null, '0');
INSERT INTO `sys_dict` VALUES ('10', '黄色', 'yellow', 'color', '颜色值', '40', '0', '1', null, '1', null, null, '0');
INSERT INTO `sys_dict` VALUES ('11', '橙色', 'orange', 'color', '颜色值', '50', '0', '1', null, '1', null, null, '0');
INSERT INTO `sys_dict` VALUES ('12', '默认主题', 'default', 'theme', '主题方案', '10', '0', '1', null, '1', null, null, '0');
INSERT INTO `sys_dict` VALUES ('13', '天蓝主题', 'cerulean', 'theme', '主题方案', '20', '0', '1', null, '1', null, null, '0');
INSERT INTO `sys_dict` VALUES ('14', '橙色主题', 'readable', 'theme', '主题方案', '30', '0', '1', null, '1', null, null, '0');
INSERT INTO `sys_dict` VALUES ('15', '红色主题', 'united', 'theme', '主题方案', '40', '0', '1', null, '1', null, null, '0');
INSERT INTO `sys_dict` VALUES ('16', 'Flat主题', 'flat', 'theme', '主题方案', '60', '0', '1', null, '1', null, null, '0');
INSERT INTO `sys_dict` VALUES ('17', '国家', '1', 'sys_area_type', '区域类型', '10', '0', '1', null, '1', null, null, '0');
INSERT INTO `sys_dict` VALUES ('18', '省份、直辖市', '2', 'sys_area_type', '区域类型', '20', '0', '1', null, '1', null, null, '0');
INSERT INTO `sys_dict` VALUES ('19', '地市', '3', 'sys_area_type', '区域类型', '30', '0', '1', null, '1', null, null, '0');
INSERT INTO `sys_dict` VALUES ('20', '区县', '4', 'sys_area_type', '区域类型', '40', '0', '1', null, '1', null, null, '0');
INSERT INTO `sys_dict` VALUES ('21', '公司', '1', 'sys_office_type', '机构类型', '60', '0', '1', null, '1', null, null, '0');
INSERT INTO `sys_dict` VALUES ('22', '部门', '2', 'sys_office_type', '机构类型', '70', '0', '1', null, '1', null, null, '0');
INSERT INTO `sys_dict` VALUES ('23', '小组', '3', 'sys_office_type', '机构类型', '80', '0', '1', null, '1', null, null, '0');
INSERT INTO `sys_dict` VALUES ('24', '其它', '4', 'sys_office_type', '机构类型', '90', '0', '1', null, '1', null, null, '0');
INSERT INTO `sys_dict` VALUES ('25', '综合部', '1', 'sys_office_common', '快捷通用部门', '30', '0', '1', null, '1', null, null, '0');
INSERT INTO `sys_dict` VALUES ('26', '开发部', '2', 'sys_office_common', '快捷通用部门', '40', '0', '1', null, '1', null, null, '0');
INSERT INTO `sys_dict` VALUES ('27', '人力部', '3', 'sys_office_common', '快捷通用部门', '50', '0', '1', null, '1', null, null, '0');
INSERT INTO `sys_dict` VALUES ('28', '一级', '1', 'sys_office_grade', '机构等级', '10', '0', '1', null, '1', null, null, '0');
INSERT INTO `sys_dict` VALUES ('29', '二级', '2', 'sys_office_grade', '机构等级', '20', '0', '1', null, '1', null, null, '0');
INSERT INTO `sys_dict` VALUES ('30', '三级', '3', 'sys_office_grade', '机构等级', '30', '0', '1', null, '1', null, null, '0');
INSERT INTO `sys_dict` VALUES ('31', '四级', '4', 'sys_office_grade', '机构等级', '40', '0', '1', null, '1', null, null, '0');
INSERT INTO `sys_dict` VALUES ('32', '所有数据', '1', 'sys_data_scope', '数据范围', '10', '0', '1', null, '1', null, null, '0');
INSERT INTO `sys_dict` VALUES ('33', '所在公司及以下数据', '2', 'sys_data_scope', '数据范围', '20', '0', '1', null, '1', null, null, '0');
INSERT INTO `sys_dict` VALUES ('34', '所在公司数据', '3', 'sys_data_scope', '数据范围', '30', '0', '1', null, '1', null, null, '0');
INSERT INTO `sys_dict` VALUES ('35', '所在部门及以下数据', '4', 'sys_data_scope', '数据范围', '40', '0', '1', null, '1', null, null, '0');
INSERT INTO `sys_dict` VALUES ('36', '所在部门数据', '5', 'sys_data_scope', '数据范围', '50', '0', '1', null, '1', null, null, '0');
INSERT INTO `sys_dict` VALUES ('37', '仅本人数据', '8', 'sys_data_scope', '数据范围', '90', '0', '1', null, '1', null, null, '0');
INSERT INTO `sys_dict` VALUES ('38', '按明细设置', '9', 'sys_data_scope', '数据范围', '100', '0', '1', null, '1', null, null, '0');
INSERT INTO `sys_dict` VALUES ('39', '系统管理', '1', 'sys_user_type', '用户类型', '10', '0', '1', null, '1', null, null, '0');
INSERT INTO `sys_dict` VALUES ('40', '部门经理', '2', 'sys_user_type', '用户类型', '20', '0', '1', null, '1', null, null, '0');
INSERT INTO `sys_dict` VALUES ('41', '普通用户', '3', 'sys_user_type', '用户类型', '30', '0', '1', null, '1', null, null, '0');
INSERT INTO `sys_dict` VALUES ('42', '基础主题', 'basic', 'cms_theme', '站点主题', '10', '0', '1', null, '1', null, null, '0');
INSERT INTO `sys_dict` VALUES ('43', '蓝色主题', 'blue', 'cms_theme', '站点主题', '20', '0', '1', null, '1', null, null, '1');
INSERT INTO `sys_dict` VALUES ('44', '红色主题', 'red', 'cms_theme', '站点主题', '30', '0', '1', null, '1', null, null, '1');
INSERT INTO `sys_dict` VALUES ('45', '文章模型', 'article', 'cms_module', '栏目模型', '10', '0', '1', null, '1', null, null, '0');
INSERT INTO `sys_dict` VALUES ('46', '图片模型', 'picture', 'cms_module', '栏目模型', '20', '0', '1', null, '1', null, null, '1');
INSERT INTO `sys_dict` VALUES ('47', '下载模型', 'download', 'cms_module', '栏目模型', '30', '0', '1', null, '1', null, null, '1');
INSERT INTO `sys_dict` VALUES ('48', '链接模型', 'link', 'cms_module', '栏目模型', '40', '0', '1', null, '1', null, null, '0');
INSERT INTO `sys_dict` VALUES ('49', '专题模型', 'special', 'cms_module', '栏目模型', '50', '0', '1', null, '1', null, null, '1');
INSERT INTO `sys_dict` VALUES ('50', '默认展现方式', '0', 'cms_show_modes', '展现方式', '10', '0', '1', null, '1', null, null, '0');
INSERT INTO `sys_dict` VALUES ('51', '首栏目内容列表', '1', 'cms_show_modes', '展现方式', '20', '0', '1', null, '1', null, null, '0');
INSERT INTO `sys_dict` VALUES ('52', '栏目第一条内容', '2', 'cms_show_modes', '展现方式', '30', '0', '1', null, '1', null, null, '0');
INSERT INTO `sys_dict` VALUES ('53', '发布', '0', 'cms_del_flag', '内容状态', '10', '0', '1', null, '1', null, null, '0');
INSERT INTO `sys_dict` VALUES ('54', '删除', '1', 'cms_del_flag', '内容状态', '20', '0', '1', null, '1', null, null, '0');
INSERT INTO `sys_dict` VALUES ('55', '审核', '2', 'cms_del_flag', '内容状态', '15', '0', '1', null, '1', null, null, '0');
INSERT INTO `sys_dict` VALUES ('56', '首页焦点图', '1', 'cms_posid', '推荐位', '10', '0', '1', null, '1', null, null, '0');
INSERT INTO `sys_dict` VALUES ('57', '栏目页文章推荐', '2', 'cms_posid', '推荐位', '20', '0', '1', null, '1', null, null, '0');
INSERT INTO `sys_dict` VALUES ('58', '咨询', '1', 'cms_guestbook', '留言板分类', '10', '0', '1', null, '1', null, null, '0');
INSERT INTO `sys_dict` VALUES ('59', '建议', '2', 'cms_guestbook', '留言板分类', '20', '0', '1', null, '1', null, null, '0');
INSERT INTO `sys_dict` VALUES ('60', '投诉', '3', 'cms_guestbook', '留言板分类', '30', '0', '1', null, '1', null, null, '0');
INSERT INTO `sys_dict` VALUES ('61', '其它', '4', 'cms_guestbook', '留言板分类', '40', '0', '1', null, '1', null, null, '0');
INSERT INTO `sys_dict` VALUES ('62', '公休', '1', 'oa_leave_type', '请假类型', '10', '0', '1', null, '1', null, null, '0');
INSERT INTO `sys_dict` VALUES ('63', '病假', '2', 'oa_leave_type', '请假类型', '20', '0', '1', null, '1', null, null, '0');
INSERT INTO `sys_dict` VALUES ('64', '事假', '3', 'oa_leave_type', '请假类型', '30', '0', '1', null, '1', null, null, '0');
INSERT INTO `sys_dict` VALUES ('65', '调休', '4', 'oa_leave_type', '请假类型', '40', '0', '1', null, '1', null, null, '0');
INSERT INTO `sys_dict` VALUES ('66', '婚假', '5', 'oa_leave_type', '请假类型', '60', '0', '1', null, '1', null, null, '0');
INSERT INTO `sys_dict` VALUES ('67', '接入日志', '1', 'sys_log_type', '日志类型', '30', '0', '1', null, '1', null, null, '0');
INSERT INTO `sys_dict` VALUES ('68', '异常日志', '2', 'sys_log_type', '日志类型', '40', '0', '1', null, '1', null, null, '0');
INSERT INTO `sys_dict` VALUES ('69', '请假流程', 'leave', 'act_type', '流程类型', '10', '0', '1', null, '1', null, null, '0');
INSERT INTO `sys_dict` VALUES ('70', '审批测试流程', 'test_audit', 'act_type', '流程类型', '20', '0', '1', null, '1', null, null, '0');
INSERT INTO `sys_dict` VALUES ('71', '分类1', '1', 'act_category', '流程分类', '10', '0', '1', null, '1', null, null, '0');
INSERT INTO `sys_dict` VALUES ('72', '分类2', '2', 'act_category', '流程分类', '20', '0', '1', null, '1', null, null, '0');
INSERT INTO `sys_dict` VALUES ('73', '增删改查', 'crud', 'gen_category', '代码生成分类', '10', '0', '1', null, '1', null, null, '1');
INSERT INTO `sys_dict` VALUES ('74', '增删改查（包含从表）', 'crud_many', 'gen_category', '代码生成分类', '20', '0', '1', null, '1', null, null, '1');
INSERT INTO `sys_dict` VALUES ('75', '树结构', 'tree', 'gen_category', '代码生成分类', '30', '0', '1', null, '1', null, null, '1');
INSERT INTO `sys_dict` VALUES ('76', '=', '=', 'gen_query_type', '查询方式', '10', '0', '1', null, '1', null, null, '1');
INSERT INTO `sys_dict` VALUES ('77', '!=', '!=', 'gen_query_type', '查询方式', '20', '0', '1', null, '1', null, null, '1');
INSERT INTO `sys_dict` VALUES ('78', '&gt;', '&gt;', 'gen_query_type', '查询方式', '30', '0', '1', null, '1', null, null, '1');
INSERT INTO `sys_dict` VALUES ('79', '&lt;', '&lt;', 'gen_query_type', '查询方式', '40', '0', '1', null, '1', null, null, '1');
INSERT INTO `sys_dict` VALUES ('80', 'Between', 'between', 'gen_query_type', '查询方式', '50', '0', '1', null, '1', null, null, '1');
INSERT INTO `sys_dict` VALUES ('81', 'Like', 'like', 'gen_query_type', '查询方式', '60', '0', '1', null, '1', null, null, '1');
INSERT INTO `sys_dict` VALUES ('82', 'Left Like', 'left_like', 'gen_query_type', '查询方式', '70', '0', '1', null, '1', null, null, '1');
INSERT INTO `sys_dict` VALUES ('83', 'Right Like', 'right_like', 'gen_query_type', '查询方式', '80', '0', '1', null, '1', null, null, '1');
INSERT INTO `sys_dict` VALUES ('84', '文本框', 'input', 'gen_show_type', '字段生成方案', '10', '0', '1', null, '1', null, null, '1');
INSERT INTO `sys_dict` VALUES ('85', '文本域', 'textarea', 'gen_show_type', '字段生成方案', '20', '0', '1', null, '1', null, null, '1');
INSERT INTO `sys_dict` VALUES ('86', '下拉框', 'select', 'gen_show_type', '字段生成方案', '30', '0', '1', null, '1', null, null, '1');
INSERT INTO `sys_dict` VALUES ('87', '复选框', 'checkbox', 'gen_show_type', '字段生成方案', '40', '0', '1', null, '1', null, null, '1');
INSERT INTO `sys_dict` VALUES ('88', '单选框', 'radiobox', 'gen_show_type', '字段生成方案', '50', '0', '1', null, '1', null, null, '1');
INSERT INTO `sys_dict` VALUES ('89', '日期选择', 'dateselect', 'gen_show_type', '字段生成方案', '60', '0', '1', null, '1', null, null, '1');
INSERT INTO `sys_dict` VALUES ('90', '人员选择', 'userselect', 'gen_show_type', '字段生成方案', '70', '0', '1', null, '1', null, null, '1');
INSERT INTO `sys_dict` VALUES ('91', '部门选择', 'officeselect', 'gen_show_type', '字段生成方案', '80', '0', '1', null, '1', null, null, '1');
INSERT INTO `sys_dict` VALUES ('92', '区域选择', 'areaselect', 'gen_show_type', '字段生成方案', '90', '0', '1', null, '1', null, null, '1');
INSERT INTO `sys_dict` VALUES ('93', 'String', 'String', 'gen_java_type', 'Java类型', '10', '0', '1', null, '1', null, null, '1');
INSERT INTO `sys_dict` VALUES ('94', 'Long', 'Long', 'gen_java_type', 'Java类型', '20', '0', '1', null, '1', null, null, '1');
INSERT INTO `sys_dict` VALUES ('95', '仅持久层', 'dao', 'gen_category', '代码生成分类', '40', '0', '1', null, '1', null, null, '1');
INSERT INTO `sys_dict` VALUES ('96', '男', '1', 'sex', '性别', '10', '0', '1', null, '1', null, null, '0');
INSERT INTO `sys_dict` VALUES ('97', '女', '2', 'sex', '性别', '20', '0', '1', null, '1', null, null, '0');
INSERT INTO `sys_dict` VALUES ('98', 'Integer', 'Integer', 'gen_java_type', 'Java类型', '30', '0', '1', null, '1', null, null, '1');
INSERT INTO `sys_dict` VALUES ('99', 'Double', 'Double', 'gen_java_type', 'Java类型', '40', '0', '1', null, '1', null, null, '1');
INSERT INTO `sys_dict` VALUES ('100', 'Date', 'java.util.Date', 'gen_java_type', 'Java类型', '50', '0', '1', null, '1', null, null, '1');
INSERT INTO `sys_dict` VALUES ('104', 'Custom', 'Custom', 'gen_java_type', 'Java类型', '90', '0', '1', null, '1', null, null, '1');
INSERT INTO `sys_dict` VALUES ('105', '会议通告', '1', 'oa_notify_type', '通知通告类型', '10', '0', '1', null, '1', null, null, '0');
INSERT INTO `sys_dict` VALUES ('106', '奖惩通告', '2', 'oa_notify_type', '通知通告类型', '20', '0', '1', null, '1', null, null, '0');
INSERT INTO `sys_dict` VALUES ('107', '活动通告', '3', 'oa_notify_type', '通知通告类型', '30', '0', '1', null, '1', null, null, '0');
INSERT INTO `sys_dict` VALUES ('108', '草稿', '0', 'oa_notify_status', '通知通告状态', '10', '0', '1', null, '1', null, null, '0');
INSERT INTO `sys_dict` VALUES ('109', '发布', '1', 'oa_notify_status', '通知通告状态', '20', '0', '1', null, '1', null, null, '0');
INSERT INTO `sys_dict` VALUES ('110', '未读', '0', 'oa_notify_read', '通知通告状态', '10', '0', '1', null, '1', null, null, '0');
INSERT INTO `sys_dict` VALUES ('111', '已读', '1', 'oa_notify_read', '通知通告状态', '20', '0', '1', null, '1', null, null, '0');
INSERT INTO `sys_dict` VALUES ('112', '草稿', '0', 'oa_notify_status', '通知通告状态', '10', '0', '1', null, '1', null, '', '0');
INSERT INTO `sys_dict` VALUES ('113', '删除', '0', 'del_flag', '删除标记', null, null, null, null, null, null, '', '');
INSERT INTO `sys_dict` VALUES ('118', '关于', 'about', 'blog_type', '博客类型', null, null, null, null, null, null, '全url是:/blog/open/page/about', '');
INSERT INTO `sys_dict` VALUES ('119', '交流', 'communication', 'blog_type', '博客类型', null, null, null, null, null, null, '', '');
INSERT INTO `sys_dict` VALUES ('120', '文章', 'article', 'blog_type', '博客类型', null, null, null, null, null, null, '', '');
INSERT INTO `sys_dict` VALUES ('121', '编码', 'code', 'hobby', '爱好', null, null, null, null, null, null, '', '');

-- ----------------------------
-- Table structure for sys_log
-- ----------------------------
DROP TABLE IF EXISTS `sys_log`;
CREATE TABLE `sys_log` (
  `id` bigint(20) NOT NULL AUTO_INCREMENT,
  `user_id` bigint(20) DEFAULT NULL COMMENT '用户id',
  `username` varchar(50) DEFAULT NULL COMMENT '用户名',
  `operation` varchar(50) DEFAULT NULL COMMENT '用户操作',
  `time` int(11) DEFAULT NULL COMMENT '响应时间',
  `method` varchar(200) DEFAULT NULL COMMENT '请求方法',
  `params` varchar(5000) DEFAULT NULL COMMENT '请求参数',
  `ip` varchar(64) DEFAULT NULL COMMENT 'IP地址',
  `gmt_create` datetime DEFAULT NULL COMMENT '创建时间',
  PRIMARY KEY (`id`)
) ENGINE=InnoDB AUTO_INCREMENT=273 DEFAULT CHARSET=utf8 COMMENT='系统日志';

-- ----------------------------
-- Records of sys_log
-- ----------------------------
INSERT INTO `sys_log` VALUES ('17', '-1', '获取用户信息为空', '登录', '16', 'com.bootdo.system.controller.LoginController.ajaxLogin()', null, '127.0.0.1', '2017-12-26 20:26:22');
INSERT INTO `sys_log` VALUES ('18', '1', 'admin', '登录', '4', 'com.bootdo.system.controller.LoginController.ajaxLogin()', null, '127.0.0.1', '2017-12-26 20:26:28');
INSERT INTO `sys_log` VALUES ('32', '0', '', '登录', '14', 'com.bootdo.clouddoadmin.controller.LoginController.login()', null, '127.0.0.1', '2018-05-21 14:09:31');
INSERT INTO `sys_log` VALUES ('33', '0', '', '登录', '324', 'com.bootdo.clouddoadmin.controller.LoginController.login()', null, '127.0.0.1', '2018-05-21 16:18:28');
INSERT INTO `sys_log` VALUES ('34', '0', '', '登录', '18', 'com.bootdo.clouddoadmin.controller.LoginController.login()', null, '127.0.0.1', '2018-05-21 16:18:30');
INSERT INTO `sys_log` VALUES ('35', '0', '', '登录', '23', 'com.bootdo.clouddoadmin.controller.LoginController.login()', null, '127.0.0.1', '2018-05-21 16:22:40');
INSERT INTO `sys_log` VALUES ('36', '0', '', '登录', '13', 'com.bootdo.clouddoadmin.controller.LoginController.login()', null, '127.0.0.1', '2018-05-21 16:42:45');
INSERT INTO `sys_log` VALUES ('41', '0', '', '登录', '20', 'com.bootdo.clouddoadmin.controller.LoginController.login()', null, '127.0.0.1', '2018-05-22 10:49:58');
INSERT INTO `sys_log` VALUES ('80', '0', '', '获取用户列表', '137', 'com.bootdo.clouddoadmin.controller.UserController.listByPage()', null, '127.0.0.1', '2019-09-03 10:30:28');
INSERT INTO `sys_log` VALUES ('81', '0', '', '获取用户列表', '24', 'com.bootdo.clouddoadmin.controller.UserController.listByPage()', null, '127.0.0.1', '2019-09-03 10:30:48');
INSERT INTO `sys_log` VALUES ('82', '0', '', '获取用户列表', '83', 'com.bootdo.clouddoadmin.controller.UserController.listByPage()', null, '127.0.0.1', '2019-09-03 10:30:58');
INSERT INTO `sys_log` VALUES ('83', '0', '', '获取用户列表', '19', 'com.bootdo.clouddoadmin.controller.UserController.listByPage()', null, '127.0.0.1', '2019-09-03 10:40:10');
INSERT INTO `sys_log` VALUES ('84', '0', '', '获取用户列表', '25', 'com.bootdo.clouddoadmin.controller.UserController.listByPage()', null, '127.0.0.1', '2019-09-03 10:40:24');
INSERT INTO `sys_log` VALUES ('85', '0', '', '获取用户列表', '116', 'com.bootdo.clouddoadmin.controller.UserController.listByPage()', null, '127.0.0.1', '2019-09-03 10:51:34');
INSERT INTO `sys_log` VALUES ('86', '0', '', '获取用户列表', '42', 'com.bootdo.clouddoadmin.controller.UserController.listByPage()', null, '127.0.0.1', '2019-09-03 14:29:14');
INSERT INTO `sys_log` VALUES ('87', '0', '', '获取用户列表', '21', 'com.bootdo.clouddoadmin.controller.UserController.listByPage()', null, '127.0.0.1', '2019-09-03 14:32:24');
INSERT INTO `sys_log` VALUES ('88', '0', '', '获取用户列表', '16', 'com.bootdo.clouddoadmin.controller.UserController.listByPage()', null, '127.0.0.1', '2019-09-03 14:32:25');
INSERT INTO `sys_log` VALUES ('89', '0', '', '获取用户列表', '35', 'com.bootdo.clouddoadmin.controller.UserController.listByPage()', null, '127.0.0.1', '2019-09-03 14:32:28');
INSERT INTO `sys_log` VALUES ('90', '0', '', '获取用户列表', '16', 'com.bootdo.clouddoadmin.controller.UserController.listByPage()', null, '127.0.0.1', '2019-09-03 14:32:29');
INSERT INTO `sys_log` VALUES ('91', '0', '', '获取用户列表', '41', 'com.bootdo.clouddoadmin.controller.UserController.listByPage()', null, '127.0.0.1', '2019-09-03 14:32:30');
INSERT INTO `sys_log` VALUES ('92', '0', '', '获取用户列表', '33', 'com.bootdo.clouddoadmin.controller.UserController.listByPage()', null, '127.0.0.1', '2019-09-03 14:32:31');
INSERT INTO `sys_log` VALUES ('93', '0', '', '获取用户列表', '106', 'com.bootdo.clouddoadmin.controller.UserController.listByPage()', null, '127.0.0.1', '2019-09-03 14:37:05');
INSERT INTO `sys_log` VALUES ('94', '0', '', '获取用户列表', '250', 'com.bootdo.clouddoadmin.controller.UserController.listByPage()', null, '127.0.0.1', '2019-09-03 14:53:23');
INSERT INTO `sys_log` VALUES ('95', '0', '', '获取用户列表', '157', 'com.bootdo.clouddoadmin.controller.UserController.listByPage()', null, '127.0.0.1', '2019-09-03 16:14:49');
INSERT INTO `sys_log` VALUES ('96', '0', '', '获取用户列表', '175', 'com.bootdo.clouddoadmin.controller.UserController.listByPage()', null, '127.0.0.1', '2019-09-03 16:15:28');
INSERT INTO `sys_log` VALUES ('97', '0', '', '获取用户列表', '45583', 'com.bootdo.clouddoadmin.controller.UserController.listByPage()', null, '127.0.0.1', '2019-09-03 16:16:32');
INSERT INTO `sys_log` VALUES ('98', '0', '', '获取用户列表', '40155', 'com.bootdo.clouddoadmin.controller.UserController.listByPage()', null, '127.0.0.1', '2019-09-03 16:53:56');
INSERT INTO `sys_log` VALUES ('99', '0', '', '获取用户列表', '963055', 'com.bootdo.clouddoadmin.controller.UserController.listByPage()', null, '127.0.0.1', '2019-09-03 16:54:19');
INSERT INTO `sys_log` VALUES ('100', '0', '', '获取用户列表', '25043', 'com.bootdo.clouddoadmin.controller.UserController.listByPage()', null, '127.0.0.1', '2019-09-03 16:54:56');
INSERT INTO `sys_log` VALUES ('101', '0', '', '获取用户列表', '7853', 'com.bootdo.clouddoadmin.controller.UserController.listByPage()', null, '127.0.0.1', '2019-09-03 17:55:00');
INSERT INTO `sys_log` VALUES ('102', '0', '', '获取用户列表', '83', 'com.bootdo.clouddoadmin.controller.UserController.listByPage()', null, '127.0.0.1', '2019-09-03 17:55:03');
INSERT INTO `sys_log` VALUES ('103', '0', '', '获取用户列表', '155', 'com.bootdo.clouddoadmin.controller.UserController.listByPage()', null, '127.0.0.1', '2019-09-03 17:55:06');
INSERT INTO `sys_log` VALUES ('104', '0', '', '获取用户列表', '115', 'com.bootdo.clouddoadmin.controller.UserController.listByPage()', null, '127.0.0.1', '2019-09-03 17:55:26');
INSERT INTO `sys_log` VALUES ('105', '0', '', '获取用户列表', '156', 'com.bootdo.clouddoadmin.controller.UserController.listByPage()', null, '127.0.0.1', '2019-09-03 18:55:35');
INSERT INTO `sys_log` VALUES ('106', '0', '', '获取用户列表', '93', 'com.bootdo.clouddoadmin.controller.UserController.listByPage()', null, '127.0.0.1', '2019-09-03 18:55:49');
INSERT INTO `sys_log` VALUES ('107', '0', '', '获取用户列表', '256543', 'com.bootdo.clouddoadmin.controller.UserController.listByPage()', null, '127.0.0.1', '2019-09-03 19:00:19');
INSERT INTO `sys_log` VALUES ('108', '0', '', '获取用户列表', '138', 'com.bootdo.clouddoadmin.controller.UserController.listByPage()', null, '127.0.0.1', '2019-09-04 09:22:13');
INSERT INTO `sys_log` VALUES ('109', '0', '', '获取用户列表', '268', 'com.bootdo.clouddoadmin.controller.UserController.listByPage()', null, '127.0.0.1', '2019-09-04 09:22:27');
INSERT INTO `sys_log` VALUES ('110', '0', '', '获取用户列表', '251067', 'com.bootdo.clouddoadmin.controller.UserController.listByPage()', null, '127.0.0.1', '2019-09-04 09:31:14');
INSERT INTO `sys_log` VALUES ('111', '0', '', '获取用户列表', '60422', 'com.bootdo.clouddoadmin.controller.UserController.listByPage()', null, '127.0.0.1', '2019-09-04 09:36:18');
INSERT INTO `sys_log` VALUES ('112', '0', '', '获取用户列表', '9164', 'com.bootdo.clouddoadmin.controller.UserController.listByPage()', null, '127.0.0.1', '2019-09-04 10:10:16');
INSERT INTO `sys_log` VALUES ('113', '0', '', '获取用户列表', '145', 'com.bootdo.clouddoadmin.controller.UserController.listByPage()', null, '127.0.0.1', '2019-09-04 10:10:20');
INSERT INTO `sys_log` VALUES ('114', '0', '', '获取用户列表', '83', 'com.bootdo.clouddoadmin.controller.UserController.listByPage()', null, '127.0.0.1', '2019-09-04 10:10:23');
INSERT INTO `sys_log` VALUES ('115', '0', '', '获取用户列表', '130', 'com.bootdo.clouddoadmin.controller.UserController.listByPage()', null, '127.0.0.1', '2019-09-04 10:10:28');
INSERT INTO `sys_log` VALUES ('116', '0', '', '获取用户列表', '105', 'com.bootdo.clouddoadmin.controller.UserController.listByPage()', null, '127.0.0.1', '2019-09-04 10:10:32');
INSERT INTO `sys_log` VALUES ('117', '0', '', '获取用户列表', '222', 'com.bootdo.clouddoadmin.controller.UserController.listByPage()', null, '127.0.0.1', '2019-09-04 10:10:44');
INSERT INTO `sys_log` VALUES ('118', '0', '', '获取用户列表', '547791', 'com.bootdo.clouddoadmin.controller.UserController.listByPage()', null, '127.0.0.1', '2019-09-04 10:20:18');
INSERT INTO `sys_log` VALUES ('119', '0', '', '获取用户列表', '104009', 'com.bootdo.clouddoadmin.controller.UserController.listByPage()', null, '127.0.0.1', '2019-09-04 10:20:23');
INSERT INTO `sys_log` VALUES ('120', '0', '', '获取用户列表', '69320', 'com.bootdo.clouddoadmin.controller.UserController.listByPage()', null, '127.0.0.1', '2019-09-04 10:20:32');
INSERT INTO `sys_log` VALUES ('121', '0', '', '获取用户列表', '75', 'com.bootdo.clouddoadmin.controller.UserController.listByPage()', null, '127.0.0.1', '2019-09-04 10:20:36');
INSERT INTO `sys_log` VALUES ('122', '0', '', '获取用户列表', '103', 'com.bootdo.clouddoadmin.controller.UserController.listByPage()', null, '127.0.0.1', '2019-09-04 10:20:38');
INSERT INTO `sys_log` VALUES ('123', '0', '', '获取用户列表', '143', 'com.bootdo.clouddoadmin.controller.UserController.listByPage()', null, '127.0.0.1', '2019-09-04 10:20:39');
INSERT INTO `sys_log` VALUES ('124', '0', '', '获取用户列表', '65', 'com.bootdo.clouddoadmin.controller.UserController.listByPage()', null, '127.0.0.1', '2019-09-04 10:20:40');
INSERT INTO `sys_log` VALUES ('125', '0', '', '获取用户列表', '152', 'com.bootdo.clouddoadmin.controller.UserController.listByPage()', null, '127.0.0.1', '2019-09-04 10:20:41');
INSERT INTO `sys_log` VALUES ('126', '0', '', '获取用户列表', '67', 'com.bootdo.clouddoadmin.controller.UserController.listByPage()', null, '127.0.0.1', '2019-09-04 10:20:42');
INSERT INTO `sys_log` VALUES ('127', '0', '', '获取用户列表', '95', 'com.bootdo.clouddoadmin.controller.UserController.listByPage()', null, '127.0.0.1', '2019-09-04 10:20:43');
INSERT INTO `sys_log` VALUES ('128', '0', '', '获取用户列表', '194', 'com.bootdo.clouddoadmin.controller.UserController.listByPage()', null, '127.0.0.1', '2019-09-04 10:20:45');
INSERT INTO `sys_log` VALUES ('129', '0', '', '获取用户列表', '83', 'com.bootdo.clouddoadmin.controller.UserController.listByPage()', null, '127.0.0.1', '2019-09-04 10:20:47');
INSERT INTO `sys_log` VALUES ('130', '0', '', '获取用户列表', '100', 'com.bootdo.clouddoadmin.controller.UserController.listByPage()', null, '127.0.0.1', '2019-09-04 10:20:48');
INSERT INTO `sys_log` VALUES ('131', '0', '', '获取用户列表', '66', 'com.bootdo.clouddoadmin.controller.UserController.listByPage()', null, '127.0.0.1', '2019-09-04 10:20:49');
INSERT INTO `sys_log` VALUES ('132', '0', '', '获取用户列表', '70', 'com.bootdo.clouddoadmin.controller.UserController.listByPage()', null, '127.0.0.1', '2019-09-04 10:20:50');
INSERT INTO `sys_log` VALUES ('133', '0', '', '获取用户列表', '75', 'com.bootdo.clouddoadmin.controller.UserController.listByPage()', null, '127.0.0.1', '2019-09-04 10:20:51');
INSERT INTO `sys_log` VALUES ('134', '0', '', '获取用户列表', '71', 'com.bootdo.clouddoadmin.controller.UserController.listByPage()', null, '127.0.0.1', '2019-09-04 10:20:52');
INSERT INTO `sys_log` VALUES ('135', '0', '', '获取用户列表', '93', 'com.bootdo.clouddoadmin.controller.UserController.listByPage()', null, '127.0.0.1', '2019-09-04 10:20:53');
INSERT INTO `sys_log` VALUES ('136', '0', '', '获取用户列表', '222', 'com.bootdo.clouddoadmin.controller.UserController.listByPage()', null, '127.0.0.1', '2019-09-04 10:20:54');
INSERT INTO `sys_log` VALUES ('137', '0', '', '获取用户列表', '103', 'com.bootdo.clouddoadmin.controller.UserController.listByPage()', null, '127.0.0.1', '2019-09-04 10:20:56');
INSERT INTO `sys_log` VALUES ('138', '0', '', '获取用户列表', '65', 'com.bootdo.clouddoadmin.controller.UserController.listByPage()', null, '127.0.0.1', '2019-09-04 10:20:57');
INSERT INTO `sys_log` VALUES ('139', '0', '', '获取用户列表', '67', 'com.bootdo.clouddoadmin.controller.UserController.listByPage()', null, '127.0.0.1', '2019-09-04 10:21:07');
INSERT INTO `sys_log` VALUES ('140', '0', '', '获取用户列表', '54167', 'com.bootdo.clouddoadmin.controller.UserController.listByPage()', null, '127.0.0.1', '2019-09-04 10:23:25');
INSERT INTO `sys_log` VALUES ('141', '0', '', '获取用户列表', '50', 'com.bootdo.clouddoadmin.controller.UserController.listByPage()', null, '127.0.0.1', '2019-09-04 10:23:36');
INSERT INTO `sys_log` VALUES ('142', '0', '', '获取用户列表', '81', 'com.bootdo.clouddoadmin.controller.UserController.listByPage()', null, '127.0.0.1', '2019-09-04 10:23:38');
INSERT INTO `sys_log` VALUES ('143', '0', '', '获取用户列表', '63', 'com.bootdo.clouddoadmin.controller.UserController.listByPage()', null, '127.0.0.1', '2019-09-04 10:23:39');
INSERT INTO `sys_log` VALUES ('144', '0', '', '获取用户列表', '258', 'com.bootdo.clouddoadmin.controller.UserController.listByPage()', null, '127.0.0.1', '2019-09-04 10:23:41');
INSERT INTO `sys_log` VALUES ('145', '0', '', '获取用户列表', '191', 'com.bootdo.clouddoadmin.controller.UserController.listByPage()', null, '127.0.0.1', '2019-09-04 10:23:45');
INSERT INTO `sys_log` VALUES ('146', '0', '', '获取用户列表', '342', 'com.bootdo.clouddoadmin.controller.UserController.listByPage()', null, '127.0.0.1', '2019-09-04 10:23:48');
INSERT INTO `sys_log` VALUES ('147', '0', '', '获取用户列表', '144', 'com.bootdo.clouddoadmin.controller.UserController.listByPage()', null, '127.0.0.1', '2019-09-04 10:23:51');
INSERT INTO `sys_log` VALUES ('148', '0', '', '获取用户列表', '180', 'com.bootdo.clouddoadmin.controller.UserController.listByPage()', null, '127.0.0.1', '2019-09-04 10:23:53');
INSERT INTO `sys_log` VALUES ('149', '0', '', '获取用户列表', '157', 'com.bootdo.clouddoadmin.controller.UserController.listByPage()', null, '127.0.0.1', '2019-09-04 10:23:57');
INSERT INTO `sys_log` VALUES ('150', '0', '', '获取用户列表', '224', 'com.bootdo.clouddoadmin.controller.UserController.listByPage()', null, '127.0.0.1', '2019-09-04 10:24:09');
INSERT INTO `sys_log` VALUES ('151', '0', '', '获取用户列表', '52', 'com.bootdo.clouddoadmin.controller.UserController.listByPage()', null, '127.0.0.1', '2019-09-04 10:24:11');
INSERT INTO `sys_log` VALUES ('152', '0', '', '获取用户列表', '215', 'com.bootdo.clouddoadmin.controller.UserController.listByPage()', null, '127.0.0.1', '2019-09-04 10:24:12');
INSERT INTO `sys_log` VALUES ('153', '0', '', '获取用户列表', '149', 'com.bootdo.clouddoadmin.controller.UserController.listByPage()', null, '127.0.0.1', '2019-09-04 10:24:14');
INSERT INTO `sys_log` VALUES ('154', '0', '', '获取用户列表', '65', 'com.bootdo.clouddoadmin.controller.UserController.listByPage()', null, '127.0.0.1', '2019-09-04 10:24:15');
INSERT INTO `sys_log` VALUES ('155', '0', '', '获取用户列表', '51', 'com.bootdo.clouddoadmin.controller.UserController.listByPage()', null, '127.0.0.1', '2019-09-04 10:24:16');
INSERT INTO `sys_log` VALUES ('156', '0', '', '获取用户列表', '77', 'com.bootdo.clouddoadmin.controller.UserController.listByPage()', null, '127.0.0.1', '2019-09-04 10:25:41');
INSERT INTO `sys_log` VALUES ('157', '0', '', '获取用户列表', '174', 'com.bootdo.clouddoadmin.controller.UserController.listByPage()', null, '127.0.0.1', '2019-09-04 10:27:10');
INSERT INTO `sys_log` VALUES ('158', '0', '', '获取用户列表', '196', 'com.bootdo.clouddoadmin.controller.UserController.listByPage()', null, '127.0.0.1', '2019-09-04 10:31:05');
INSERT INTO `sys_log` VALUES ('159', '0', '', '获取用户列表', '263', 'com.bootdo.clouddoadmin.controller.UserController.listByPage()', null, '127.0.0.1', '2019-09-04 10:31:59');
INSERT INTO `sys_log` VALUES ('160', '0', '', '获取用户列表', '78', 'com.bootdo.clouddoadmin.controller.UserController.listByPage()', null, '127.0.0.1', '2019-09-04 10:37:40');
INSERT INTO `sys_log` VALUES ('161', '0', '', '获取用户列表', '246', 'com.bootdo.clouddoadmin.controller.UserController.listByPage()', null, '127.0.0.1', '2019-09-04 11:33:44');
INSERT INTO `sys_log` VALUES ('162', '0', '', '获取用户列表', '47', 'com.bootdo.clouddoadmin.controller.UserController.listByPage()', null, '127.0.0.1', '2019-09-04 11:33:48');
INSERT INTO `sys_log` VALUES ('163', '0', '', '获取用户列表', '39', 'com.bootdo.clouddoadmin.controller.UserController.listByPage()', null, '127.0.0.1', '2019-09-04 11:33:49');
INSERT INTO `sys_log` VALUES ('164', '0', '', '获取用户列表', '61', 'com.bootdo.clouddoadmin.controller.UserController.listByPage()', null, '127.0.0.1', '2019-09-04 11:34:06');
INSERT INTO `sys_log` VALUES ('165', '0', '', '获取用户列表', '43', 'com.bootdo.clouddoadmin.controller.UserController.listByPage()', null, '127.0.0.1', '2019-09-04 11:34:08');
INSERT INTO `sys_log` VALUES ('166', '0', '', '获取用户列表', '57', 'com.bootdo.clouddoadmin.controller.UserController.listByPage()', null, '127.0.0.1', '2019-09-04 11:34:10');
INSERT INTO `sys_log` VALUES ('167', '0', '', '获取用户列表', '49', 'com.bootdo.clouddoadmin.controller.UserController.listByPage()', null, '127.0.0.1', '2019-09-04 11:34:12');
INSERT INTO `sys_log` VALUES ('168', '0', '', '获取用户列表', '48', 'com.bootdo.clouddoadmin.controller.UserController.listByPage()', null, '127.0.0.1', '2019-09-04 11:34:13');
INSERT INTO `sys_log` VALUES ('169', '0', '', '获取用户列表', '129', 'com.bootdo.clouddoadmin.controller.UserController.listByPage()', null, '127.0.0.1', '2019-09-04 11:34:20');
INSERT INTO `sys_log` VALUES ('170', '0', '', '获取用户列表', '84', 'com.bootdo.clouddoadmin.controller.UserController.listByPage()', null, '127.0.0.1', '2019-09-04 11:36:36');
INSERT INTO `sys_log` VALUES ('171', '0', '', '获取用户列表', '172', 'com.bootdo.clouddoadmin.controller.UserController.listByPage()', null, '127.0.0.1', '2019-09-04 11:40:29');
INSERT INTO `sys_log` VALUES ('172', '0', '', '获取用户列表', '295', 'com.bootdo.clouddoadmin.controller.UserController.listByPage()', null, '127.0.0.1', '2019-09-04 11:41:42');
INSERT INTO `sys_log` VALUES ('173', '0', '', '获取用户列表', '252', 'com.bootdo.clouddoadmin.controller.UserController.listByPage()', null, '127.0.0.1', '2019-09-04 14:05:26');
INSERT INTO `sys_log` VALUES ('174', '0', '', '获取用户列表', '185', 'com.bootdo.clouddoadmin.controller.UserController.listByPage()', null, '127.0.0.1', '2019-09-04 14:06:18');
INSERT INTO `sys_log` VALUES ('175', '0', '', '获取用户列表', '89', 'com.bootdo.clouddoadmin.controller.UserController.listByPage()', null, '127.0.0.1', '2019-09-04 14:06:30');
INSERT INTO `sys_log` VALUES ('176', '0', '', '获取用户列表', '119518', 'com.bootdo.clouddoadmin.controller.UserController.listByPage()', null, '127.0.0.1', '2019-09-04 14:38:20');
INSERT INTO `sys_log` VALUES ('177', '0', '', '获取用户列表', '10907', 'com.bootdo.clouddoadmin.controller.UserController.listByPage()', null, '127.0.0.1', '2019-09-04 14:38:54');
INSERT INTO `sys_log` VALUES ('178', '0', '', '获取用户列表', '70327', 'com.bootdo.clouddoadmin.controller.UserController.listByPage()', null, '127.0.0.1', '2019-09-04 14:41:46');
INSERT INTO `sys_log` VALUES ('179', '0', '', '获取用户列表', '5121', 'com.bootdo.clouddoadmin.controller.UserController.listByPage()', null, '127.0.0.1', '2019-09-04 14:42:16');
INSERT INTO `sys_log` VALUES ('180', '0', '', '获取用户列表', '292', 'com.bootdo.clouddoadmin.controller.UserController.listByPage()', null, '127.0.0.1', '2019-09-04 14:55:19');
INSERT INTO `sys_log` VALUES ('181', '0', '', '获取用户列表', '14147', 'com.bootdo.clouddoadmin.controller.UserController.listByPage()', null, '127.0.0.1', '2019-09-04 15:11:07');
INSERT INTO `sys_log` VALUES ('182', '0', '', '获取用户列表', '5229', 'com.bootdo.clouddoadmin.controller.UserController.listByPage()', null, '127.0.0.1', '2019-09-04 15:12:00');
INSERT INTO `sys_log` VALUES ('183', '0', '', '获取用户列表', '75', 'com.bootdo.clouddoadmin.controller.UserController.listByPage()', null, '127.0.0.1', '2019-09-04 15:12:30');
INSERT INTO `sys_log` VALUES ('184', '0', '', '获取用户列表', '45', 'com.bootdo.clouddoadmin.controller.UserController.listByPage()', null, '127.0.0.1', '2019-09-04 15:12:31');
INSERT INTO `sys_log` VALUES ('185', '0', '', '获取用户列表', '227', 'com.bootdo.clouddoadmin.controller.UserController.listByPage()', null, '127.0.0.1', '2019-09-04 15:12:33');
INSERT INTO `sys_log` VALUES ('186', '0', '', '获取用户列表', '71', 'com.bootdo.clouddoadmin.controller.UserController.listByPage()', null, '127.0.0.1', '2019-09-04 15:13:18');
INSERT INTO `sys_log` VALUES ('187', '0', '', '获取用户列表', '70', 'com.bootdo.clouddoadmin.controller.UserController.listByPage()', null, '127.0.0.1', '2019-09-04 15:13:22');
INSERT INTO `sys_log` VALUES ('188', '0', '', '获取用户列表', '91', 'com.bootdo.clouddoadmin.controller.UserController.listByPage()', null, '127.0.0.1', '2019-09-04 15:13:24');
INSERT INTO `sys_log` VALUES ('189', '0', '', '获取用户列表', '71', 'com.bootdo.clouddoadmin.controller.UserController.listByPage()', null, '127.0.0.1', '2019-09-04 15:13:27');
INSERT INTO `sys_log` VALUES ('190', '0', '', '获取用户列表', '81', 'com.bootdo.clouddoadmin.controller.UserController.listByPage()', null, '127.0.0.1', '2019-09-04 15:17:39');
INSERT INTO `sys_log` VALUES ('191', '0', '', '获取用户列表', '65', 'com.bootdo.clouddoadmin.controller.UserController.listByPage()', null, '127.0.0.1', '2019-09-04 15:17:45');
INSERT INTO `sys_log` VALUES ('192', '0', '', '修改用户', '84', 'com.bootdo.clouddoadmin.controller.UserController.update()', null, '127.0.0.1', '2019-09-04 15:17:59');
INSERT INTO `sys_log` VALUES ('193', '0', '', '获取用户列表', '86', 'com.bootdo.clouddoadmin.controller.UserController.listByPage()', null, '127.0.0.1', '2019-09-04 15:17:59');
INSERT INTO `sys_log` VALUES ('194', '0', '', '获取用户列表', '94', 'com.bootdo.clouddoadmin.controller.UserController.listByPage()', null, '127.0.0.1', '2019-09-04 15:18:05');
INSERT INTO `sys_log` VALUES ('195', '0', '', '获取用户列表', '135', 'com.bootdo.clouddoadmin.controller.UserController.listByPage()', null, '127.0.0.1', '2019-09-04 15:19:38');
INSERT INTO `sys_log` VALUES ('196', '0', '', '修改用户', '52', 'com.bootdo.clouddoadmin.controller.UserController.update()', null, '127.0.0.1', '2019-09-04 15:19:45');
INSERT INTO `sys_log` VALUES ('197', '0', '', '获取用户列表', '81', 'com.bootdo.clouddoadmin.controller.UserController.listByPage()', null, '127.0.0.1', '2019-09-04 15:19:46');
INSERT INTO `sys_log` VALUES ('198', '0', '', '修改用户', '40', 'com.bootdo.clouddoadmin.controller.UserController.update()', null, '127.0.0.1', '2019-09-04 15:20:01');
INSERT INTO `sys_log` VALUES ('199', '0', '', '获取用户列表', '140', 'com.bootdo.clouddoadmin.controller.UserController.listByPage()', null, '127.0.0.1', '2019-09-04 15:20:02');
INSERT INTO `sys_log` VALUES ('200', '0', '', '修改用户', '53', 'com.bootdo.clouddoadmin.controller.UserController.update()', null, '127.0.0.1', '2019-09-04 15:20:20');
INSERT INTO `sys_log` VALUES ('201', '0', '', '获取用户列表', '85', 'com.bootdo.clouddoadmin.controller.UserController.listByPage()', null, '127.0.0.1', '2019-09-04 15:20:21');
INSERT INTO `sys_log` VALUES ('202', '0', '', '修改用户', '40', 'com.bootdo.clouddoadmin.controller.UserController.update()', null, '127.0.0.1', '2019-09-04 15:20:37');
INSERT INTO `sys_log` VALUES ('203', '0', '', '获取用户列表', '114', 'com.bootdo.clouddoadmin.controller.UserController.listByPage()', null, '127.0.0.1', '2019-09-04 15:20:37');
INSERT INTO `sys_log` VALUES ('204', '0', '', '获取用户列表', '59', 'com.bootdo.clouddoadmin.controller.UserController.listByPage()', null, '127.0.0.1', '2019-09-04 15:20:50');
INSERT INTO `sys_log` VALUES ('205', '0', '', '获取用户列表', '68', 'com.bootdo.clouddoadmin.controller.UserController.listByPage()', null, '127.0.0.1', '2019-09-04 15:21:35');
INSERT INTO `sys_log` VALUES ('206', '0', '', '获取用户列表', '80', 'com.bootdo.clouddoadmin.controller.UserController.listByPage()', null, '127.0.0.1', '2019-09-04 15:21:49');
INSERT INTO `sys_log` VALUES ('207', '0', '', '修改用户', '49', 'com.bootdo.clouddoadmin.controller.UserController.update()', null, '127.0.0.1', '2019-09-04 15:21:59');
INSERT INTO `sys_log` VALUES ('208', '0', '', '获取用户列表', '158', 'com.bootdo.clouddoadmin.controller.UserController.listByPage()', null, '127.0.0.1', '2019-09-04 15:21:59');
INSERT INTO `sys_log` VALUES ('209', '0', '', '获取用户列表', '111', 'com.bootdo.clouddoadmin.controller.UserController.listByPage()', null, '127.0.0.1', '2019-09-04 15:22:35');
INSERT INTO `sys_log` VALUES ('210', '0', '', '获取用户列表', '146', 'com.bootdo.clouddoadmin.controller.UserController.listByPage()', null, '127.0.0.1', '2019-09-04 15:23:00');
INSERT INTO `sys_log` VALUES ('211', '0', '', '获取用户列表', '43', 'com.bootdo.clouddoadmin.controller.UserController.listByPage()', null, '127.0.0.1', '2019-09-04 15:23:01');
INSERT INTO `sys_log` VALUES ('212', '0', '', '修改用户', '78', 'com.bootdo.clouddoadmin.controller.UserController.update()', null, '127.0.0.1', '2019-09-04 15:23:06');
INSERT INTO `sys_log` VALUES ('213', '0', '', '获取用户列表', '122', 'com.bootdo.clouddoadmin.controller.UserController.listByPage()', null, '127.0.0.1', '2019-09-04 15:23:07');
INSERT INTO `sys_log` VALUES ('214', '0', '', '修改用户', '54', 'com.bootdo.clouddoadmin.controller.UserController.update()', null, '127.0.0.1', '2019-09-04 15:23:12');
INSERT INTO `sys_log` VALUES ('215', '0', '', '获取用户列表', '169', 'com.bootdo.clouddoadmin.controller.UserController.listByPage()', null, '127.0.0.1', '2019-09-04 15:23:13');
INSERT INTO `sys_log` VALUES ('216', '0', '', '获取用户列表', '82', 'com.bootdo.clouddoadmin.controller.UserController.listByPage()', null, '127.0.0.1', '2019-09-04 15:24:00');
INSERT INTO `sys_log` VALUES ('217', '0', '', '获取用户列表', '143', 'com.bootdo.clouddoadmin.controller.UserController.listByPage()', null, '127.0.0.1', '2019-09-04 15:24:11');
INSERT INTO `sys_log` VALUES ('218', '0', '', '获取用户列表', '94', 'com.bootdo.clouddoadmin.controller.UserController.listByPage()', null, '127.0.0.1', '2019-09-04 15:24:24');
INSERT INTO `sys_log` VALUES ('219', '0', '', '获取用户列表', '36', 'com.bootdo.clouddoadmin.controller.UserController.listByPage()', null, '127.0.0.1', '2019-09-04 15:24:25');
INSERT INTO `sys_log` VALUES ('220', '0', '', '获取用户列表', '104', 'com.bootdo.clouddoadmin.controller.UserController.listByPage()', null, '127.0.0.1', '2019-09-04 15:24:27');
INSERT INTO `sys_log` VALUES ('221', '0', '', '获取用户列表', '84', 'com.bootdo.clouddoadmin.controller.UserController.listByPage()', null, '127.0.0.1', '2019-09-04 15:24:52');
INSERT INTO `sys_log` VALUES ('222', '0', '', '获取用户列表', '199', 'com.bootdo.clouddoadmin.controller.UserController.listByPage()', null, '127.0.0.1', '2019-09-04 15:31:03');
INSERT INTO `sys_log` VALUES ('223', '0', '', '获取用户列表', '93', 'com.bootdo.clouddoadmin.controller.UserController.listByPage()', null, '127.0.0.1', '2019-09-04 15:31:16');
INSERT INTO `sys_log` VALUES ('224', '0', '', '修改用户', '140', 'com.bootdo.clouddoadmin.controller.UserController.update()', null, '127.0.0.1', '2019-09-04 15:31:23');
INSERT INTO `sys_log` VALUES ('225', '0', '', '获取用户列表', '173', 'com.bootdo.clouddoadmin.controller.UserController.listByPage()', null, '127.0.0.1', '2019-09-04 15:31:24');
INSERT INTO `sys_log` VALUES ('226', '0', '', '获取用户列表', '80', 'com.bootdo.clouddoadmin.controller.UserController.listByPage()', null, '127.0.0.1', '2019-09-04 15:31:57');
INSERT INTO `sys_log` VALUES ('227', '0', '', '获取用户列表', '118', 'com.bootdo.clouddoadmin.controller.UserController.listByPage()', null, '127.0.0.1', '2019-09-04 15:32:03');
INSERT INTO `sys_log` VALUES ('228', '0', '', '获取用户列表', '107', 'com.bootdo.clouddoadmin.controller.UserController.listByPage()', null, '127.0.0.1', '2019-09-04 15:32:30');
INSERT INTO `sys_log` VALUES ('229', '0', '', '获取用户列表', '123', 'com.bootdo.clouddoadmin.controller.UserController.listByPage()', null, '127.0.0.1', '2019-09-04 15:32:34');
INSERT INTO `sys_log` VALUES ('230', '0', '', '获取用户列表', '149', 'com.bootdo.clouddoadmin.controller.UserController.listByPage()', null, '127.0.0.1', '2019-09-04 15:34:29');
INSERT INTO `sys_log` VALUES ('231', '0', '', '获取用户列表', '63', 'com.bootdo.clouddoadmin.controller.UserController.listByPage()', null, '127.0.0.1', '2019-09-04 15:36:20');
INSERT INTO `sys_log` VALUES ('232', '0', '', '获取用户列表', '429', 'com.bootdo.clouddoadmin.controller.UserController.listByPage()', null, '127.0.0.1', '2019-09-04 15:41:34');
INSERT INTO `sys_log` VALUES ('233', '0', '', '获取用户列表', '105', 'com.bootdo.clouddoadmin.controller.UserController.listByPage()', null, '127.0.0.1', '2019-09-04 15:41:41');
INSERT INTO `sys_log` VALUES ('234', '0', '', '获取用户列表', '84', 'com.bootdo.clouddoadmin.controller.UserController.listByPage()', null, '127.0.0.1', '2019-09-04 15:41:44');
INSERT INTO `sys_log` VALUES ('235', '0', '', '获取用户列表', '222', 'com.bootdo.clouddoadmin.controller.UserController.listByPage()', null, '127.0.0.1', '2019-09-04 15:42:07');
INSERT INTO `sys_log` VALUES ('236', '0', '', '获取用户列表', '100', 'com.bootdo.clouddoadmin.controller.UserController.listByPage()', null, '127.0.0.1', '2019-09-04 15:42:10');
INSERT INTO `sys_log` VALUES ('237', '0', '', '获取用户列表', '155', 'com.bootdo.clouddoadmin.controller.UserController.listByPage()', null, '127.0.0.1', '2019-09-04 15:43:42');
INSERT INTO `sys_log` VALUES ('238', '0', '', '获取用户列表', '126', 'com.bootdo.clouddoadmin.controller.UserController.listByPage()', null, '127.0.0.1', '2019-09-04 15:44:48');
INSERT INTO `sys_log` VALUES ('239', '0', '', '获取用户列表', '78', 'com.bootdo.clouddoadmin.controller.UserController.listByPage()', null, '127.0.0.1', '2019-09-04 15:45:12');
INSERT INTO `sys_log` VALUES ('240', '0', '', '获取用户列表', '161', 'com.bootdo.clouddoadmin.controller.UserController.listByPage()', null, '127.0.0.1', '2019-09-04 16:05:05');
INSERT INTO `sys_log` VALUES ('241', '0', '', '获取用户列表', '160', 'com.bootdo.clouddoadmin.controller.UserController.listByPage()', null, '127.0.0.1', '2019-09-04 16:18:37');
INSERT INTO `sys_log` VALUES ('242', '0', '', '获取用户列表', '97', 'com.bootdo.clouddoadmin.controller.UserController.listByPage()', null, '127.0.0.1', '2019-09-04 16:19:44');
INSERT INTO `sys_log` VALUES ('243', '0', '', '获取用户列表', '63', 'com.bootdo.clouddoadmin.controller.UserController.listByPage()', null, '127.0.0.1', '2019-09-04 16:19:58');
INSERT INTO `sys_log` VALUES ('244', '0', '', '获取用户列表', '106', 'com.bootdo.clouddoadmin.controller.UserController.listByPage()', null, '127.0.0.1', '2019-09-04 16:21:41');
INSERT INTO `sys_log` VALUES ('245', '0', '', '删除用户', '65', 'com.bootdo.clouddoadmin.controller.UserController.remove()', null, '127.0.0.1', '2019-09-04 16:21:59');
INSERT INTO `sys_log` VALUES ('246', '0', '', '获取用户列表', '97', 'com.bootdo.clouddoadmin.controller.UserController.listByPage()', null, '127.0.0.1', '2019-09-04 16:21:59');
INSERT INTO `sys_log` VALUES ('247', '0', '', '删除用户', '59', 'com.bootdo.clouddoadmin.controller.UserController.remove()', null, '127.0.0.1', '2019-09-04 16:22:03');
INSERT INTO `sys_log` VALUES ('248', '0', '', '获取用户列表', '82', 'com.bootdo.clouddoadmin.controller.UserController.listByPage()', null, '127.0.0.1', '2019-09-04 16:22:04');
INSERT INTO `sys_log` VALUES ('249', '0', '', '删除用户', '85', 'com.bootdo.clouddoadmin.controller.UserController.remove()', null, '127.0.0.1', '2019-09-04 16:22:17');
INSERT INTO `sys_log` VALUES ('250', '0', '', '获取用户列表', '115', 'com.bootdo.clouddoadmin.controller.UserController.listByPage()', null, '127.0.0.1', '2019-09-04 16:22:17');
INSERT INTO `sys_log` VALUES ('251', '0', '', '获取用户列表', '78', 'com.bootdo.clouddoadmin.controller.UserController.listByPage()', null, '127.0.0.1', '2019-09-04 16:32:35');
INSERT INTO `sys_log` VALUES ('252', '0', '', '获取用户列表', '1018', 'com.bootdo.clouddoadmin.controller.UserController.listByPage()', null, '127.0.0.1', '2019-09-04 16:39:16');
INSERT INTO `sys_log` VALUES ('253', '0', '', '获取用户列表', '223', 'com.bootdo.clouddoadmin.controller.UserController.listByPage()', null, '127.0.0.1', '2019-09-04 16:39:18');
INSERT INTO `sys_log` VALUES ('254', '0', '', '获取用户列表', '108', 'com.bootdo.clouddoadmin.controller.UserController.listByPage()', null, '127.0.0.1', '2019-09-04 16:39:22');
INSERT INTO `sys_log` VALUES ('255', '0', '', '获取用户列表', '122', 'com.bootdo.clouddoadmin.controller.UserController.listByPage()', null, '127.0.0.1', '2019-09-04 16:59:09');
INSERT INTO `sys_log` VALUES ('256', '0', '', '获取用户列表', '122', 'com.bootdo.clouddoadmin.controller.UserController.listByPage()', null, '127.0.0.1', '2019-09-04 16:59:14');
INSERT INTO `sys_log` VALUES ('257', '0', '', '获取用户列表', '152', 'com.bootdo.clouddoadmin.controller.UserController.listByPage()', null, '127.0.0.1', '2019-09-04 17:05:22');
INSERT INTO `sys_log` VALUES ('258', '0', '', '获取用户列表', '88', 'com.bootdo.clouddoadmin.controller.UserController.listByPage()', null, '127.0.0.1', '2019-09-04 17:05:27');
INSERT INTO `sys_log` VALUES ('259', '0', '', '获取用户列表', '88', 'com.bootdo.clouddoadmin.controller.UserController.listByPage()', null, '127.0.0.1', '2019-09-04 17:07:47');
INSERT INTO `sys_log` VALUES ('260', '0', '', '获取用户列表', '103', 'com.bootdo.clouddoadmin.controller.UserController.listByPage()', null, '127.0.0.1', '2019-09-04 17:07:55');
INSERT INTO `sys_log` VALUES ('261', '0', '', '获取用户列表', '87', 'com.bootdo.clouddoadmin.controller.UserController.listByPage()', null, '127.0.0.1', '2019-09-04 17:08:54');
INSERT INTO `sys_log` VALUES ('262', '0', '', '获取用户列表', '90', 'com.bootdo.clouddoadmin.controller.UserController.listByPage()', null, '127.0.0.1', '2019-09-04 17:15:19');
INSERT INTO `sys_log` VALUES ('263', '0', '', '获取用户列表', '76', 'com.bootdo.clouddoadmin.controller.UserController.listByPage()', null, '127.0.0.1', '2019-09-04 17:15:21');
INSERT INTO `sys_log` VALUES ('264', '0', '', '获取用户列表', '88', 'com.bootdo.clouddoadmin.controller.UserController.listByPage()', null, '127.0.0.1', '2019-09-04 17:19:04');
INSERT INTO `sys_log` VALUES ('265', '0', '', '获取用户列表', '64', 'com.bootdo.clouddoadmin.controller.UserController.listByPage()', null, '127.0.0.1', '2019-09-04 17:19:47');
INSERT INTO `sys_log` VALUES ('266', '0', '', '获取用户列表', '52', 'com.bootdo.clouddoadmin.controller.UserController.listByPage()', null, '127.0.0.1', '2019-09-04 17:30:27');
INSERT INTO `sys_log` VALUES ('267', '0', '', '获取用户列表', '102', 'com.bootdo.clouddoadmin.controller.UserController.listByPage()', null, '127.0.0.1', '2019-09-04 17:31:18');
INSERT INTO `sys_log` VALUES ('268', '0', '', '获取用户列表', '84', 'com.bootdo.clouddoadmin.controller.UserController.listByPage()', null, '127.0.0.1', '2019-09-04 17:31:24');
INSERT INTO `sys_log` VALUES ('269', '0', '', '获取用户列表', '250', 'com.bootdo.clouddoadmin.controller.UserController.listByPage()', null, '127.0.0.1', '2019-09-04 17:31:41');
INSERT INTO `sys_log` VALUES ('270', '0', '', '获取用户列表', '86', 'com.bootdo.clouddoadmin.controller.UserController.listByPage()', null, '127.0.0.1', '2019-09-04 17:31:49');
INSERT INTO `sys_log` VALUES ('271', '0', '', '获取用户列表', '79', 'com.bootdo.clouddoadmin.controller.UserController.listByPage()', null, '127.0.0.1', '2019-09-04 17:32:06');
INSERT INTO `sys_log` VALUES ('272', '0', '', '获取用户列表', '130', 'com.bootdo.clouddoadmin.controller.UserController.listByPage()', null, '127.0.0.1', '2019-09-04 17:35:09');

-- ----------------------------
-- Table structure for sys_menu
-- ----------------------------
DROP TABLE IF EXISTS `sys_menu`;
CREATE TABLE `sys_menu` (
  `menu_id` bigint(20) NOT NULL AUTO_INCREMENT,
  `parent_id` bigint(20) DEFAULT NULL COMMENT '父菜单ID，一级菜单为0',
  `name` varchar(50) DEFAULT NULL COMMENT '菜单名称',
  `url` varchar(200) DEFAULT NULL COMMENT '菜单URL',
  `perms` varchar(500) DEFAULT NULL COMMENT '授权(多个用逗号分隔，如：user:list,user:create)',
  `type` int(11) DEFAULT NULL COMMENT '类型   0：目录   1：菜单   2：按钮',
  `icon` varchar(50) DEFAULT NULL COMMENT '菜单图标',
  `order_num` int(11) DEFAULT NULL COMMENT '排序',
  `gmt_create` datetime DEFAULT NULL COMMENT '创建时间',
  `component` varchar(20) DEFAULT NULL,
  `gmt_modified` datetime DEFAULT NULL COMMENT '修改时间',
  `redirect` varchar(20) DEFAULT NULL,
  PRIMARY KEY (`menu_id`)
) ENGINE=InnoDB AUTO_INCREMENT=101 DEFAULT CHARSET=utf8 COMMENT='菜单管理';

-- ----------------------------
-- Records of sys_menu
-- ----------------------------
INSERT INTO `sys_menu` VALUES ('2', '3', '系统菜单', '/admin/menu', '/admin/menu', '1', 'fa fa-th-list', '2', '2017-08-09 00:00:00', null, null, null);
INSERT INTO `sys_menu` VALUES ('3', '0', '系统管理', null, null, '0', 'fa fa-desktop', '1', '2017-08-09 23:06:55', null, '2017-08-14 14:13:43', null);
INSERT INTO `sys_menu` VALUES ('6', '3', '用户管理', '/admin/user', 'admin:user:user', '1', 'fa fa-user', '0', '2017-08-10 00:00:00', null, null, null);
INSERT INTO `sys_menu` VALUES ('7', '3', '角色管理', '/admin/role', 'admin:role:role', '1', 'fa fa-paw', '1', '2017-08-10 00:00:00', null, null, null);
INSERT INTO `sys_menu` VALUES ('12', '6', '新增', '/api-admin/user', '/user/addUser', '2', '', '0', '2017-08-14 00:00:00', null, null, null);
INSERT INTO `sys_menu` VALUES ('13', '6', '编辑', '/api-admin/user', '/user/editUser', '2', '', '0', '2017-08-14 00:00:00', null, null, null);
INSERT INTO `sys_menu` VALUES ('14', '6', '删除', '/api-admin/user', '/user/deleteUser', '2', null, '0', '2017-08-14 00:00:00', null, null, null);
INSERT INTO `sys_menu` VALUES ('15', '7', '新增', '/api-admin/role', '/role/addRole', '2', '', '0', '2017-08-14 00:00:00', null, null, null);
INSERT INTO `sys_menu` VALUES ('20', '2', '新增', '/api-admin/menu', '/menu/addMenu', '2', '', '0', '2017-08-14 00:00:00', null, null, null);
INSERT INTO `sys_menu` VALUES ('21', '2', '编辑', '/api-admin/menu', '/menu/editMenu', '2', '', '0', '2017-08-14 00:00:00', null, null, null);
INSERT INTO `sys_menu` VALUES ('22', '2', '删除', '/api-admin/menu', '/menu/deleteMenu', '2', '', '0', '2017-08-14 00:00:00', null, null, null);
INSERT INTO `sys_menu` VALUES ('24', '6', '批量删除', '/api-admin/user', 'admin:user:batchRemove', '2', '', '0', '2017-08-14 00:00:00', null, null, null);
INSERT INTO `sys_menu` VALUES ('25', '6', '停用', '/api-admin/user/disable', 'admin:user:disable', '2', null, '0', '2017-08-14 00:00:00', null, null, null);
INSERT INTO `sys_menu` VALUES ('26', '6', '重置密码', '/api-admin/user/resetPwd', 'admin:user:resetPwd', '2', '', '0', '2017-08-14 00:00:00', null, null, null);
INSERT INTO `sys_menu` VALUES ('55', '7', '编辑', '/api-admin/role', '/role/editRole', '2', '', null, null, null, null, null);
INSERT INTO `sys_menu` VALUES ('56', '7', '删除', '/api-admin/role', '/role/deleteRole', '2', null, null, null, null, null, null);
INSERT INTO `sys_menu` VALUES ('61', '2', '批量删除', '/api-admin/menu/batchRemove', '/menu/batchRemove', '2', null, null, null, null, null, null);
INSERT INTO `sys_menu` VALUES ('62', '7', '批量删除', '/api-admin/role/batchRemove', '/role/batchRemove', '2', null, null, null, null, null, null);
INSERT INTO `sys_menu` VALUES ('74', '73', '清除缓存', '/admin/api/menu/clearCache', 'system:sysDept:add', '1', null, '1', null, null, null, null);
INSERT INTO `sys_menu` VALUES ('76', '73', '编辑', '/admin/api/user/currentUser', 'system:sysDept:edit', '2', null, '3', null, null, null, null);
INSERT INTO `sys_menu` VALUES ('77', '2', '列表', '/api-admin/menu', '/menu/getMenu', '2', null, null, null, null, null, null);
INSERT INTO `sys_menu` VALUES ('78', '0', '内容管理', null, null, '0', 'fa fa-th-list', null, null, null, null, null);
INSERT INTO `sys_menu` VALUES ('80', '79', '数据字典', '/a', null, '1', null, null, null, null, null, null);
INSERT INTO `sys_menu` VALUES ('81', '78', '文件管理', '/cms/file', null, '1', null, null, null, null, null, null);
INSERT INTO `sys_menu` VALUES ('82', '81', '列表', '/api-cms/file', 'cms:file', '2', null, null, null, null, null, null);
INSERT INTO `sys_menu` VALUES ('83', '78', '博客管理', '/cms/content', 'cms:content', '1', null, null, null, null, null, null);
INSERT INTO `sys_menu` VALUES ('84', '0', '基础信息', null, null, '0', 'fa fa-bars', null, null, null, null, null);
INSERT INTO `sys_menu` VALUES ('85', '84', '系统日志', '/base/log', null, '1', null, null, null, null, null, null);
INSERT INTO `sys_menu` VALUES ('86', '85', '列表', '/api-base/log', null, '2', null, null, null, null, null, null);
INSERT INTO `sys_menu` VALUES ('87', '81', '上传', '/file/upload', null, '2', null, null, null, null, null, null);
INSERT INTO `sys_menu` VALUES ('88', '0', '系统监控', null, null, '0', 'fa fa-video-camera', null, null, null, null, null);
INSERT INTO `sys_menu` VALUES ('89', '88', '服务注册', 'http://localhost:8001', null, '1', null, null, null, null, null, null);
INSERT INTO `sys_menu` VALUES ('92', '6', '查询用户', '/api-admin/user', '/user/getUser', '2', null, null, null, null, null, null);
INSERT INTO `sys_menu` VALUES ('94', '93', '日志', '/api-base/log/save ', null, '2', null, null, null, null, null, null);
INSERT INTO `sys_menu` VALUES ('96', '85', '写日志', '/api-base/log/save', 'log:save', '2', null, null, null, null, null, null);
INSERT INTO `sys_menu` VALUES ('97', '7', '获取用户角色', '/admin/role', '/role/userId', '2', null, null, null, null, null, null);
INSERT INTO `sys_menu` VALUES ('98', '7', '角色列表', '/admin/role', '/role/getRole', '2', null, null, null, null, null, null);
INSERT INTO `sys_menu` VALUES ('100', '2', '根据当前角色获取菜单', '/api-admin/menu/roleId', '/menu/roleId', '2', null, null, null, null, null, null);

-- ----------------------------
-- Table structure for sys_role
-- ----------------------------
DROP TABLE IF EXISTS `sys_role`;
CREATE TABLE `sys_role` (
  `role_id` bigint(20) NOT NULL AUTO_INCREMENT,
  `role_name` varchar(100) DEFAULT NULL COMMENT '角色名称',
  `role_sign` varchar(100) DEFAULT NULL COMMENT '角色标识',
  `remark` varchar(100) DEFAULT NULL COMMENT '备注',
  `user_id_create` bigint(255) DEFAULT NULL COMMENT '创建用户id',
  `gmt_create` datetime DEFAULT NULL COMMENT '创建时间',
  `gmt_modified` datetime DEFAULT NULL COMMENT '创建时间',
  PRIMARY KEY (`role_id`)
) ENGINE=InnoDB AUTO_INCREMENT=61 DEFAULT CHARSET=utf8 COMMENT='角色';

-- ----------------------------
-- Records of sys_role
-- ----------------------------
INSERT INTO `sys_role` VALUES ('1', '管理员角色', 'admin', '拥有最高权限', '2', '2017-08-12 00:00:00', '2017-08-12 00:00:00');
INSERT INTO `sys_role` VALUES ('48', '钻石会员', null, '高级用户', null, null, null);
INSERT INTO `sys_role` VALUES ('56', '普通用户', null, '普通用户，没啥权限1', null, null, null);
INSERT INTO `sys_role` VALUES ('57', 'oppo', null, 'oppo', null, null, null);
INSERT INTO `sys_role` VALUES ('58', 'yrdy', null, 'dfsdf', null, null, null);
INSERT INTO `sys_role` VALUES ('59', 'test11', null, null, null, null, null);
INSERT INTO `sys_role` VALUES ('60', 'ss', null, 'ss', null, null, null);

-- ----------------------------
-- Table structure for sys_role_menu
-- ----------------------------
DROP TABLE IF EXISTS `sys_role_menu`;
CREATE TABLE `sys_role_menu` (
  `id` bigint(20) NOT NULL AUTO_INCREMENT,
  `role_id` bigint(20) DEFAULT NULL COMMENT '角色ID',
  `menu_id` bigint(20) DEFAULT NULL COMMENT '菜单ID',
  PRIMARY KEY (`id`)
) ENGINE=InnoDB AUTO_INCREMENT=3550 DEFAULT CHARSET=utf8 COMMENT='角色与菜单对应关系';

-- ----------------------------
-- Records of sys_role_menu
-- ----------------------------
INSERT INTO `sys_role_menu` VALUES ('367', '44', '1');
INSERT INTO `sys_role_menu` VALUES ('368', '44', '32');
INSERT INTO `sys_role_menu` VALUES ('369', '44', '33');
INSERT INTO `sys_role_menu` VALUES ('370', '44', '34');
INSERT INTO `sys_role_menu` VALUES ('371', '44', '35');
INSERT INTO `sys_role_menu` VALUES ('372', '44', '28');
INSERT INTO `sys_role_menu` VALUES ('373', '44', '29');
INSERT INTO `sys_role_menu` VALUES ('374', '44', '30');
INSERT INTO `sys_role_menu` VALUES ('375', '44', '38');
INSERT INTO `sys_role_menu` VALUES ('376', '44', '4');
INSERT INTO `sys_role_menu` VALUES ('377', '44', '27');
INSERT INTO `sys_role_menu` VALUES ('378', '45', '38');
INSERT INTO `sys_role_menu` VALUES ('379', '46', '3');
INSERT INTO `sys_role_menu` VALUES ('380', '46', '20');
INSERT INTO `sys_role_menu` VALUES ('381', '46', '21');
INSERT INTO `sys_role_menu` VALUES ('382', '46', '22');
INSERT INTO `sys_role_menu` VALUES ('383', '46', '23');
INSERT INTO `sys_role_menu` VALUES ('384', '46', '11');
INSERT INTO `sys_role_menu` VALUES ('385', '46', '12');
INSERT INTO `sys_role_menu` VALUES ('386', '46', '13');
INSERT INTO `sys_role_menu` VALUES ('387', '46', '14');
INSERT INTO `sys_role_menu` VALUES ('388', '46', '24');
INSERT INTO `sys_role_menu` VALUES ('389', '46', '25');
INSERT INTO `sys_role_menu` VALUES ('390', '46', '26');
INSERT INTO `sys_role_menu` VALUES ('391', '46', '15');
INSERT INTO `sys_role_menu` VALUES ('392', '46', '2');
INSERT INTO `sys_role_menu` VALUES ('393', '46', '6');
INSERT INTO `sys_role_menu` VALUES ('394', '46', '7');
INSERT INTO `sys_role_menu` VALUES ('598', '50', '38');
INSERT INTO `sys_role_menu` VALUES ('632', '38', '42');
INSERT INTO `sys_role_menu` VALUES ('737', '51', '38');
INSERT INTO `sys_role_menu` VALUES ('738', '51', '39');
INSERT INTO `sys_role_menu` VALUES ('739', '51', '40');
INSERT INTO `sys_role_menu` VALUES ('740', '51', '41');
INSERT INTO `sys_role_menu` VALUES ('741', '51', '4');
INSERT INTO `sys_role_menu` VALUES ('742', '51', '32');
INSERT INTO `sys_role_menu` VALUES ('743', '51', '33');
INSERT INTO `sys_role_menu` VALUES ('744', '51', '34');
INSERT INTO `sys_role_menu` VALUES ('745', '51', '35');
INSERT INTO `sys_role_menu` VALUES ('746', '51', '27');
INSERT INTO `sys_role_menu` VALUES ('747', '51', '28');
INSERT INTO `sys_role_menu` VALUES ('748', '51', '29');
INSERT INTO `sys_role_menu` VALUES ('749', '51', '30');
INSERT INTO `sys_role_menu` VALUES ('750', '51', '1');
INSERT INTO `sys_role_menu` VALUES ('1064', '54', '53');
INSERT INTO `sys_role_menu` VALUES ('1095', '55', '2');
INSERT INTO `sys_role_menu` VALUES ('1096', '55', '6');
INSERT INTO `sys_role_menu` VALUES ('1097', '55', '7');
INSERT INTO `sys_role_menu` VALUES ('1098', '55', '3');
INSERT INTO `sys_role_menu` VALUES ('1099', '55', '50');
INSERT INTO `sys_role_menu` VALUES ('1100', '55', '49');
INSERT INTO `sys_role_menu` VALUES ('1101', '55', '1');
INSERT INTO `sys_role_menu` VALUES ('1856', '53', '28');
INSERT INTO `sys_role_menu` VALUES ('1857', '53', '29');
INSERT INTO `sys_role_menu` VALUES ('1858', '53', '30');
INSERT INTO `sys_role_menu` VALUES ('1859', '53', '27');
INSERT INTO `sys_role_menu` VALUES ('1860', '53', '57');
INSERT INTO `sys_role_menu` VALUES ('1861', '53', '71');
INSERT INTO `sys_role_menu` VALUES ('1862', '53', '48');
INSERT INTO `sys_role_menu` VALUES ('1863', '53', '72');
INSERT INTO `sys_role_menu` VALUES ('1864', '53', '1');
INSERT INTO `sys_role_menu` VALUES ('1865', '53', '7');
INSERT INTO `sys_role_menu` VALUES ('1866', '53', '55');
INSERT INTO `sys_role_menu` VALUES ('1867', '53', '56');
INSERT INTO `sys_role_menu` VALUES ('1868', '53', '62');
INSERT INTO `sys_role_menu` VALUES ('1869', '53', '15');
INSERT INTO `sys_role_menu` VALUES ('1870', '53', '2');
INSERT INTO `sys_role_menu` VALUES ('1871', '53', '61');
INSERT INTO `sys_role_menu` VALUES ('1872', '53', '20');
INSERT INTO `sys_role_menu` VALUES ('1873', '53', '21');
INSERT INTO `sys_role_menu` VALUES ('1874', '53', '22');
INSERT INTO `sys_role_menu` VALUES ('2247', '63', '-1');
INSERT INTO `sys_role_menu` VALUES ('2248', '63', '84');
INSERT INTO `sys_role_menu` VALUES ('2249', '63', '85');
INSERT INTO `sys_role_menu` VALUES ('2250', '63', '88');
INSERT INTO `sys_role_menu` VALUES ('2251', '63', '87');
INSERT INTO `sys_role_menu` VALUES ('2252', '64', '84');
INSERT INTO `sys_role_menu` VALUES ('2253', '64', '89');
INSERT INTO `sys_role_menu` VALUES ('2254', '64', '88');
INSERT INTO `sys_role_menu` VALUES ('2255', '64', '87');
INSERT INTO `sys_role_menu` VALUES ('2256', '64', '86');
INSERT INTO `sys_role_menu` VALUES ('2257', '64', '85');
INSERT INTO `sys_role_menu` VALUES ('2258', '65', '89');
INSERT INTO `sys_role_menu` VALUES ('2259', '65', '88');
INSERT INTO `sys_role_menu` VALUES ('2260', '65', '86');
INSERT INTO `sys_role_menu` VALUES ('2262', '67', '48');
INSERT INTO `sys_role_menu` VALUES ('2263', '68', '88');
INSERT INTO `sys_role_menu` VALUES ('2264', '68', '87');
INSERT INTO `sys_role_menu` VALUES ('2265', '69', '89');
INSERT INTO `sys_role_menu` VALUES ('2266', '69', '88');
INSERT INTO `sys_role_menu` VALUES ('2267', '69', '86');
INSERT INTO `sys_role_menu` VALUES ('2268', '69', '87');
INSERT INTO `sys_role_menu` VALUES ('2269', '69', '85');
INSERT INTO `sys_role_menu` VALUES ('2270', '69', '84');
INSERT INTO `sys_role_menu` VALUES ('2271', '70', '85');
INSERT INTO `sys_role_menu` VALUES ('2272', '70', '89');
INSERT INTO `sys_role_menu` VALUES ('2273', '70', '88');
INSERT INTO `sys_role_menu` VALUES ('2274', '70', '87');
INSERT INTO `sys_role_menu` VALUES ('2275', '70', '86');
INSERT INTO `sys_role_menu` VALUES ('2276', '70', '84');
INSERT INTO `sys_role_menu` VALUES ('2277', '71', '87');
INSERT INTO `sys_role_menu` VALUES ('2278', '72', '59');
INSERT INTO `sys_role_menu` VALUES ('2279', '73', '48');
INSERT INTO `sys_role_menu` VALUES ('2280', '74', '88');
INSERT INTO `sys_role_menu` VALUES ('2281', '74', '87');
INSERT INTO `sys_role_menu` VALUES ('2282', '75', '88');
INSERT INTO `sys_role_menu` VALUES ('2283', '75', '87');
INSERT INTO `sys_role_menu` VALUES ('2284', '76', '85');
INSERT INTO `sys_role_menu` VALUES ('2285', '76', '89');
INSERT INTO `sys_role_menu` VALUES ('2286', '76', '88');
INSERT INTO `sys_role_menu` VALUES ('2287', '76', '87');
INSERT INTO `sys_role_menu` VALUES ('2288', '76', '86');
INSERT INTO `sys_role_menu` VALUES ('2289', '76', '84');
INSERT INTO `sys_role_menu` VALUES ('2292', '78', '88');
INSERT INTO `sys_role_menu` VALUES ('2293', '78', '87');
INSERT INTO `sys_role_menu` VALUES ('2294', '78', null);
INSERT INTO `sys_role_menu` VALUES ('2295', '78', null);
INSERT INTO `sys_role_menu` VALUES ('2296', '78', null);
INSERT INTO `sys_role_menu` VALUES ('2308', '80', '87');
INSERT INTO `sys_role_menu` VALUES ('2309', '80', '86');
INSERT INTO `sys_role_menu` VALUES ('2310', '80', '-1');
INSERT INTO `sys_role_menu` VALUES ('2311', '80', '84');
INSERT INTO `sys_role_menu` VALUES ('2312', '80', '85');
INSERT INTO `sys_role_menu` VALUES ('2328', '79', '72');
INSERT INTO `sys_role_menu` VALUES ('2329', '79', '48');
INSERT INTO `sys_role_menu` VALUES ('2330', '79', '77');
INSERT INTO `sys_role_menu` VALUES ('2331', '79', '84');
INSERT INTO `sys_role_menu` VALUES ('2332', '79', '89');
INSERT INTO `sys_role_menu` VALUES ('2333', '79', '88');
INSERT INTO `sys_role_menu` VALUES ('2334', '79', '87');
INSERT INTO `sys_role_menu` VALUES ('2335', '79', '86');
INSERT INTO `sys_role_menu` VALUES ('2336', '79', '85');
INSERT INTO `sys_role_menu` VALUES ('2337', '79', '-1');
INSERT INTO `sys_role_menu` VALUES ('2338', '77', '89');
INSERT INTO `sys_role_menu` VALUES ('2339', '77', '88');
INSERT INTO `sys_role_menu` VALUES ('2340', '77', '87');
INSERT INTO `sys_role_menu` VALUES ('2341', '77', '86');
INSERT INTO `sys_role_menu` VALUES ('2342', '77', '85');
INSERT INTO `sys_role_menu` VALUES ('2343', '77', '84');
INSERT INTO `sys_role_menu` VALUES ('2344', '77', '72');
INSERT INTO `sys_role_menu` VALUES ('2345', '77', '-1');
INSERT INTO `sys_role_menu` VALUES ('2346', '77', '77');
INSERT INTO `sys_role_menu` VALUES ('3225', '57', '88');
INSERT INTO `sys_role_menu` VALUES ('3226', '57', '89');
INSERT INTO `sys_role_menu` VALUES ('3227', '57', '84');
INSERT INTO `sys_role_menu` VALUES ('3228', '57', '85');
INSERT INTO `sys_role_menu` VALUES ('3229', '57', '86');
INSERT INTO `sys_role_menu` VALUES ('3230', '57', '78');
INSERT INTO `sys_role_menu` VALUES ('3231', '57', '83');
INSERT INTO `sys_role_menu` VALUES ('3232', '57', '81');
INSERT INTO `sys_role_menu` VALUES ('3233', '57', '87');
INSERT INTO `sys_role_menu` VALUES ('3234', '57', '82');
INSERT INTO `sys_role_menu` VALUES ('3235', '57', '7');
INSERT INTO `sys_role_menu` VALUES ('3236', '57', '62');
INSERT INTO `sys_role_menu` VALUES ('3237', '57', '56');
INSERT INTO `sys_role_menu` VALUES ('3238', '57', '55');
INSERT INTO `sys_role_menu` VALUES ('3239', '57', '15');
INSERT INTO `sys_role_menu` VALUES ('3240', '57', '6');
INSERT INTO `sys_role_menu` VALUES ('3241', '57', '26');
INSERT INTO `sys_role_menu` VALUES ('3242', '57', '25');
INSERT INTO `sys_role_menu` VALUES ('3243', '57', '24');
INSERT INTO `sys_role_menu` VALUES ('3244', '57', '14');
INSERT INTO `sys_role_menu` VALUES ('3245', '57', '13');
INSERT INTO `sys_role_menu` VALUES ('3246', '57', '12');
INSERT INTO `sys_role_menu` VALUES ('3247', '57', '3');
INSERT INTO `sys_role_menu` VALUES ('3444', '59', '78');
INSERT INTO `sys_role_menu` VALUES ('3445', '59', '83');
INSERT INTO `sys_role_menu` VALUES ('3446', '59', '81');
INSERT INTO `sys_role_menu` VALUES ('3447', '59', '87');
INSERT INTO `sys_role_menu` VALUES ('3448', '59', '82');
INSERT INTO `sys_role_menu` VALUES ('3516', '1', '88');
INSERT INTO `sys_role_menu` VALUES ('3517', '1', '89');
INSERT INTO `sys_role_menu` VALUES ('3518', '1', '84');
INSERT INTO `sys_role_menu` VALUES ('3519', '1', '85');
INSERT INTO `sys_role_menu` VALUES ('3520', '1', '96');
INSERT INTO `sys_role_menu` VALUES ('3521', '1', '86');
INSERT INTO `sys_role_menu` VALUES ('3522', '1', '78');
INSERT INTO `sys_role_menu` VALUES ('3523', '1', '83');
INSERT INTO `sys_role_menu` VALUES ('3524', '1', '81');
INSERT INTO `sys_role_menu` VALUES ('3525', '1', '87');
INSERT INTO `sys_role_menu` VALUES ('3526', '1', '82');
INSERT INTO `sys_role_menu` VALUES ('3527', '1', '3');
INSERT INTO `sys_role_menu` VALUES ('3528', '1', '7');
INSERT INTO `sys_role_menu` VALUES ('3529', '1', '98');
INSERT INTO `sys_role_menu` VALUES ('3530', '1', '97');
INSERT INTO `sys_role_menu` VALUES ('3531', '1', '62');
INSERT INTO `sys_role_menu` VALUES ('3532', '1', '56');
INSERT INTO `sys_role_menu` VALUES ('3533', '1', '55');
INSERT INTO `sys_role_menu` VALUES ('3534', '1', '15');
INSERT INTO `sys_role_menu` VALUES ('3535', '1', '6');
INSERT INTO `sys_role_menu` VALUES ('3536', '1', '92');
INSERT INTO `sys_role_menu` VALUES ('3537', '1', '26');
INSERT INTO `sys_role_menu` VALUES ('3538', '1', '25');
INSERT INTO `sys_role_menu` VALUES ('3539', '1', '24');
INSERT INTO `sys_role_menu` VALUES ('3540', '1', '14');
INSERT INTO `sys_role_menu` VALUES ('3541', '1', '13');
INSERT INTO `sys_role_menu` VALUES ('3542', '1', '12');
INSERT INTO `sys_role_menu` VALUES ('3543', '1', '2');
INSERT INTO `sys_role_menu` VALUES ('3544', '1', '100');
INSERT INTO `sys_role_menu` VALUES ('3545', '1', '77');
INSERT INTO `sys_role_menu` VALUES ('3546', '1', '61');
INSERT INTO `sys_role_menu` VALUES ('3547', '1', '22');
INSERT INTO `sys_role_menu` VALUES ('3548', '1', '21');
INSERT INTO `sys_role_menu` VALUES ('3549', '1', '20');

-- ----------------------------
-- Table structure for sys_task
-- ----------------------------
DROP TABLE IF EXISTS `sys_task`;
CREATE TABLE `sys_task` (
  `id` bigint(20) NOT NULL AUTO_INCREMENT,
  `cron_expression` varchar(255) DEFAULT NULL COMMENT 'cron表达式',
  `method_name` varchar(255) DEFAULT NULL COMMENT '任务调用的方法名',
  `is_concurrent` varchar(255) DEFAULT NULL COMMENT '任务是否有状态',
  `description` varchar(255) DEFAULT NULL COMMENT '任务描述',
  `update_by` varchar(64) DEFAULT NULL COMMENT '更新者',
  `bean_class` varchar(255) DEFAULT NULL COMMENT '任务执行时调用哪个类的方法 包名+类名',
  `create_date` datetime DEFAULT NULL COMMENT '创建时间',
  `job_status` varchar(255) DEFAULT NULL COMMENT '任务状态',
  `job_group` varchar(255) DEFAULT NULL COMMENT '任务分组',
  `update_date` datetime DEFAULT NULL COMMENT '更新时间',
  `create_by` varchar(64) DEFAULT NULL COMMENT '创建者',
  `spring_bean` varchar(255) DEFAULT NULL COMMENT 'Spring bean',
  `job_name` varchar(255) DEFAULT NULL COMMENT '任务名',
  PRIMARY KEY (`id`)
) ENGINE=MyISAM AUTO_INCREMENT=8 DEFAULT CHARSET=utf8;

-- ----------------------------
-- Records of sys_task
-- ----------------------------
INSERT INTO `sys_task` VALUES ('2', '0/10 * * * * ?', 'run1', '1', '', '4028ea815a3d2a8c015a3d2f8d2a0002', 'com.bootdo.common.task.WelcomeJob', '2017-05-19 18:30:56', '0', 'group1', '2017-05-19 18:31:07', null, '', 'welcomJob');

-- ----------------------------
-- Table structure for sys_user
-- ----------------------------
DROP TABLE IF EXISTS `sys_user`;
CREATE TABLE `sys_user` (
  `user_id` bigint(20) NOT NULL AUTO_INCREMENT,
  `username` varchar(50) DEFAULT NULL COMMENT '用户名',
  `name` varchar(100) DEFAULT NULL,
  `password` varchar(100) DEFAULT NULL COMMENT '密码',
  `dept_id` bigint(20) DEFAULT NULL,
  `email` varchar(100) DEFAULT NULL COMMENT '邮箱',
  `mobile` varchar(100) DEFAULT NULL COMMENT '手机号',
  `status` tinyint(255) DEFAULT NULL COMMENT '状态 0:禁用，1:正常',
  `user_id_create` bigint(255) DEFAULT NULL COMMENT '创建用户id',
  `gmt_create` datetime DEFAULT NULL COMMENT '创建时间',
  `gmt_modified` datetime DEFAULT NULL COMMENT '修改时间',
  `sex` bigint(32) DEFAULT NULL COMMENT '性别',
  `birth` datetime DEFAULT NULL COMMENT '出身日期',
  `pic_id` bigint(32) DEFAULT NULL,
  `live_address` varchar(500) DEFAULT NULL COMMENT '现居住地',
  `hobby` varchar(255) DEFAULT NULL COMMENT '爱好',
  `province` varchar(255) DEFAULT NULL COMMENT '省份',
  `city` varchar(255) DEFAULT NULL COMMENT '所在城市',
  `district` varchar(255) DEFAULT NULL COMMENT '所在地区',
  PRIMARY KEY (`user_id`)
) ENGINE=InnoDB AUTO_INCREMENT=163 DEFAULT CHARSET=utf8;

-- ----------------------------
-- Records of sys_user
-- ----------------------------
INSERT INTO `sys_user` VALUES ('1', 'admin', '超级管理员', '$2a$10$Vp1CxPTT/QBmU88jZYzkXOYgIq04Kvfd.o.YYqFn0y6rC5hgO/Yqe', '6', 'admin@example.com', '17699999999', '1', '1', '2017-08-15 21:40:39', '2017-08-15 21:41:00', '96', '2017-12-14 00:00:00', '138', 'ccc', '', '北京市', '北京市市辖区', '东城区');
INSERT INTO `sys_user` VALUES ('2', 'test', '临时用户', '6cf3bb3deba2aadbd41ec9a22511084e', '6', 'test@bootdo.com', null, '1', '1', '2017-08-14 13:43:05', '2017-08-14 21:15:36', null, null, null, null, null, null, null, null);
INSERT INTO `sys_user` VALUES ('36', 'ldh', '刘德华', 'bfd9394475754fbe45866eba97738c36', '7', 'ldh@bootdo.com', null, '1', null, null, null, null, null, null, null, null, null, null, null);
INSERT INTO `sys_user` VALUES ('123', 'zxy', '张学友', '35174ba93f5fe7267f1fb3c1bf903781', '6', 'zxy@bootdo', null, '0', null, null, null, null, null, null, null, null, null, null, null);
INSERT INTO `sys_user` VALUES ('124', 'wyf', '吴亦凡', 'e179e6f687bbd57b9d7efc4746c8090a', '6', 'wyf@bootdo.com', null, '1', null, null, null, null, '2018-04-11 00:00:00', null, null, null, null, null, null);
INSERT INTO `sys_user` VALUES ('130', 'lh', '鹿晗', '7924710cd673f68967cde70e188bb097', '9', 'lh@bootdo.com', null, '1', null, null, null, null, '2018-04-11 00:00:00', null, null, null, null, null, null);
INSERT INTO `sys_user` VALUES ('135', 'wjl', '王健林44', '3967697dfced162cf6a34080259b83aa', '6', 'wjl@bootod.com', null, '1', null, null, null, null, '2018-03-19 00:00:00', null, null, null, null, null, null);
INSERT INTO `sys_user` VALUES ('136', 'gdg2', '郭德纲', '3bb1bda86bc02bf6478cd91e42135d2f', '9', 'gdg@bootdo.com33s', null, '1', null, null, null, null, '2018-03-07 00:00:00', null, null, null, null, null, null);
INSERT INTO `sys_user` VALUES ('156', 'test2', '测试二', '9f411bc8445132fba6bef0ee865f9d08', null, 'test2@111dd', null, null, null, null, null, null, '2018-03-15 00:00:00', null, null, null, null, null, null);
INSERT INTO `sys_user` VALUES ('157', 'test', '1111113w2w', '6cf3bb3deba2aadbd41ec9a22511084e', null, 'ss222sssww22244333355', null, null, null, null, null, null, null, null, null, null, null, null, null);
INSERT INTO `sys_user` VALUES ('158', 'test123', 'test123', 'd9aa97272af39db19b2e4a0c620bdb3f', null, 'dd333ggdd22', null, null, null, null, null, null, null, null, null, null, null, null, null);
INSERT INTO `sys_user` VALUES ('159', 'test124', 'test124', '$2a$10$Vp1CxPTT/QBmU88jZYzkXOYgIq04Kvfd.o.YYqFn0y6rC5hgO/Yqe', null, 'ddd2233', null, null, null, null, null, null, null, null, null, null, null, null, null);
INSERT INTO `sys_user` VALUES ('160', 'test125', 'test125', '$2a$10$QF7582VZhuzCKc0Nrutyu.4IUg40QxEZa98P7jGVkhB0KIn7ahg8y', null, '', null, null, null, null, null, null, null, null, null, null, null, null, null);
INSERT INTO `sys_user` VALUES ('161', 'test126', 'test126', '$2a$10$OdYGhVIsft5n4ziZXGhQJuC2EL6G31Sm3Cuoh/XoySp0Mp.sKtgpy', null, '', null, null, null, null, null, null, null, null, null, null, null, null, null);
INSERT INTO `sys_user` VALUES ('162', 'dfghd', '111', '$2a$10$p6sCsYUUCxqMetj2vj5/ne5Ddc2BP8IvdG22ly3xjJOQ49k22vSfa', null, '', null, null, null, null, null, null, null, null, null, null, null, null, null);

-- ----------------------------
-- Table structure for sys_user_plus
-- ----------------------------
DROP TABLE IF EXISTS `sys_user_plus`;
CREATE TABLE `sys_user_plus` (
  `id` bigint(20) NOT NULL AUTO_INCREMENT,
  `user_id` bigint(20) NOT NULL,
  `payment` double DEFAULT NULL,
  PRIMARY KEY (`id`)
) ENGINE=InnoDB DEFAULT CHARSET=utf8;

-- ----------------------------
-- Records of sys_user_plus
-- ----------------------------

-- ----------------------------
-- Table structure for sys_user_role
-- ----------------------------
DROP TABLE IF EXISTS `sys_user_role`;
CREATE TABLE `sys_user_role` (
  `id` bigint(20) NOT NULL AUTO_INCREMENT,
  `user_id` bigint(20) DEFAULT NULL COMMENT '用户ID',
  `role_id` bigint(20) DEFAULT NULL COMMENT '角色ID',
  PRIMARY KEY (`id`)
) ENGINE=InnoDB AUTO_INCREMENT=252 DEFAULT CHARSET=utf8 COMMENT='用户与角色对应关系';

-- ----------------------------
-- Records of sys_user_role
-- ----------------------------
INSERT INTO `sys_user_role` VALUES ('73', '30', '48');
INSERT INTO `sys_user_role` VALUES ('74', '30', '49');
INSERT INTO `sys_user_role` VALUES ('75', '30', '50');
INSERT INTO `sys_user_role` VALUES ('76', '31', '48');
INSERT INTO `sys_user_role` VALUES ('77', '31', '49');
INSERT INTO `sys_user_role` VALUES ('78', '31', '52');
INSERT INTO `sys_user_role` VALUES ('79', '32', '48');
INSERT INTO `sys_user_role` VALUES ('80', '32', '49');
INSERT INTO `sys_user_role` VALUES ('81', '32', '50');
INSERT INTO `sys_user_role` VALUES ('82', '32', '51');
INSERT INTO `sys_user_role` VALUES ('83', '32', '52');
INSERT INTO `sys_user_role` VALUES ('84', '33', '38');
INSERT INTO `sys_user_role` VALUES ('85', '33', '49');
INSERT INTO `sys_user_role` VALUES ('86', '33', '52');
INSERT INTO `sys_user_role` VALUES ('87', '34', '50');
INSERT INTO `sys_user_role` VALUES ('88', '34', '51');
INSERT INTO `sys_user_role` VALUES ('89', '34', '52');
INSERT INTO `sys_user_role` VALUES ('110', '1', '1');
INSERT INTO `sys_user_role` VALUES ('111', '2', '1');
INSERT INTO `sys_user_role` VALUES ('124', null, '48');
INSERT INTO `sys_user_role` VALUES ('127', '123', '48');
INSERT INTO `sys_user_role` VALUES ('132', '36', '48');
INSERT INTO `sys_user_role` VALUES ('160', '130', '1');
INSERT INTO `sys_user_role` VALUES ('164', '124', '56');
INSERT INTO `sys_user_role` VALUES ('165', '124', '48');
INSERT INTO `sys_user_role` VALUES ('176', '160', '1');
INSERT INTO `sys_user_role` VALUES ('216', '156', '59');
INSERT INTO `sys_user_role` VALUES ('222', '136', '1');
INSERT INTO `sys_user_role` VALUES ('228', '158', '1');
INSERT INTO `sys_user_role` VALUES ('234', '135', '1');
INSERT INTO `sys_user_role` VALUES ('235', '135', '59');
INSERT INTO `sys_user_role` VALUES ('236', '162', '59');
INSERT INTO `sys_user_role` VALUES ('237', '162', '1');
INSERT INTO `sys_user_role` VALUES ('240', '161', '59');
INSERT INTO `sys_user_role` VALUES ('246', '159', '1');
INSERT INTO `sys_user_role` VALUES ('247', '157', '1');
INSERT INTO `sys_user_role` VALUES ('248', '157', '48');
INSERT INTO `sys_user_role` VALUES ('249', '157', '56');
INSERT INTO `sys_user_role` VALUES ('250', '157', '58');
INSERT INTO `sys_user_role` VALUES ('251', '157', '57');

-- ----------------------------
-- Table structure for sys_user_token
-- ----------------------------
DROP TABLE IF EXISTS `sys_user_token`;
CREATE TABLE `sys_user_token` (
  `user_id` bigint(20) NOT NULL,
  `token` varchar(100) NOT NULL COMMENT 'token',
  `expire_time` datetime DEFAULT NULL COMMENT '过期时间',
  `update_time` datetime DEFAULT NULL COMMENT '更新时间',
  PRIMARY KEY (`user_id`),
  UNIQUE KEY `token` (`token`)
) ENGINE=InnoDB DEFAULT CHARSET=utf8 COMMENT='系统用户Token';

-- ----------------------------
-- Records of sys_user_token
-- ----------------------------
INSERT INTO `sys_user_token` VALUES ('1', 'b87fcf0a-1139-4079-a34f-5bc27957e458', '2018-01-18 11:29:29', '2018-01-18 10:59:29');
